Location,DateReported,PredHosp2wk,PredHosp4wk,PredHosp3mth,PredHospOPT,PredICU2wk,PredICU4wk,PredICU3mth,PredICUOPT,PredVents2wk,PredVents4wk,PredVents3mth,PredVentsOPT,DateRun,Date2wk,Date4wk,Date3mth
Region1,2020-03-22,0.0,0.0,0.0,0.0,0.0,0.0,0.0,0.0,0.0,0.0,0.0,0.0,04/17/2020,05/09/2020,05/23/2020,10/30/2020
Region1,2020-03-23,0.0,0.0,0.0,0.0,0.0,0.0,0.0,0.0,0.0,0.0,0.0,0.0,04/17/2020,05/09/2020,05/23/2020,10/30/2020
Region1,2020-03-24,0.0,0.0,0.0,0.0,0.0,0.0,0.0,0.0,0.0,0.0,0.0,0.0,04/17/2020,05/09/2020,05/23/2020,10/30/2020
Region1,2020-03-25,0.0,0.0,0.0,0.0,0.0,0.0,0.0,0.0,0.0,0.0,0.0,0.0,04/17/2020,05/09/2020,05/23/2020,10/30/2020
Region1,2020-03-26,0.0,0.0,0.0,0.0,0.0,0.0,0.0,0.0,0.0,0.0,0.0,0.0,04/17/2020,05/09/2020,05/23/2020,10/30/2020
Region1,2020-03-27,0.0,0.0,0.0,0.0,0.0,0.0,0.0,0.0,0.0,0.0,0.0,0.0,04/17/2020,05/09/2020,05/23/2020,10/30/2020
Region1,2020-03-28,0.0,0.0,0.0,0.0,0.0,0.0,0.0,0.0,0.0,0.0,0.0,0.0,04/17/2020,05/09/2020,05/23/2020,10/30/2020
Region1,2020-03-29,0.0,0.0,0.0,0.0,0.0,0.0,0.0,0.0,0.0,0.0,0.0,0.0,04/17/2020,05/09/2020,05/23/2020,10/30/2020
Region1,2020-03-30,0.0,0.0,0.0,0.0,0.0,0.0,0.0,0.0,0.0,0.0,0.0,0.0,04/17/2020,05/09/2020,05/23/2020,10/30/2020
Region1,2020-03-31,0.0,0.0,0.0,0.0,0.0,0.0,0.0,0.0,0.0,0.0,0.0,0.0,04/17/2020,05/09/2020,05/23/2020,10/30/2020
Region1,2020-04-01,0.0,0.0,0.0,0.0,0.0,0.0,0.0,0.0,0.0,0.0,0.0,0.0,04/17/2020,05/09/2020,05/23/2020,10/30/2020
Region1,2020-04-02,0.0,0.0,0.0,0.0,0.0,0.0,0.0,0.0,0.0,0.0,0.0,0.0,04/17/2020,05/09/2020,05/23/2020,10/30/2020
Region1,2020-04-03,0.0,0.0,0.0,0.0,0.0,0.0,0.0,0.0,0.0,0.0,0.0,0.0,04/17/2020,05/09/2020,05/23/2020,10/30/2020
Region1,2020-04-04,0.0,0.0,0.0,0.0,0.0,0.0,0.0,0.0,0.0,0.0,0.0,0.0,04/17/2020,05/09/2020,05/23/2020,10/30/2020
Region1,2020-04-05,0.0,0.0,0.0,0.0,0.0,0.0,0.0,0.0,0.0,0.0,0.0,0.0,04/17/2020,05/09/2020,05/23/2020,10/30/2020
Region1,2020-04-06,0.0,0.0,0.0,0.0,0.0,0.0,0.0,0.0,0.0,0.0,0.0,0.0,04/17/2020,05/09/2020,05/23/2020,10/30/2020
Region1,2020-04-07,0.0,0.0,0.0,0.0,0.0,0.0,0.0,0.0,0.0,0.0,0.0,0.0,04/17/2020,05/09/2020,05/23/2020,10/30/2020
Region1,2020-04-08,0.0,0.0,0.0,0.0,0.0,0.0,0.0,0.0,0.0,0.0,0.0,0.0,04/17/2020,05/09/2020,05/23/2020,10/30/2020
Region1,2020-04-09,0.0,0.0,0.0,0.0,0.0,0.0,0.0,0.0,0.0,0.0,0.0,0.0,04/17/2020,05/09/2020,05/23/2020,10/30/2020
Region1,2020-04-10,0.0,0.0,0.0,0.0,0.0,0.0,0.0,0.0,0.0,0.0,0.0,0.0,04/17/2020,05/09/2020,05/23/2020,10/30/2020
Region1,2020-04-11,1.0,1.0,1.0,1.0,0.16576,0.16576,0.16576,0.16576,0.08288,0.08288,0.08288,0.08288,04/17/2020,05/09/2020,05/23/2020,10/30/2020
Region1,2020-04-12,1.0,1.0,1.0,1.0,0.16576,0.16576,0.16576,0.16576,0.08288,0.08288,0.08288,0.08288,04/17/2020,05/09/2020,05/23/2020,10/30/2020
Region1,2020-04-13,1.0,1.0,1.0,1.0,0.16576,0.16576,0.16576,0.16576,0.08288,0.08288,0.08288,0.08288,04/17/2020,05/09/2020,05/23/2020,10/30/2020
Region1,2020-04-14,1.0,1.0,1.0,1.0,0.16576,0.16576,0.16576,0.16576,0.08288,0.08288,0.08288,0.08288,04/17/2020,05/09/2020,05/23/2020,10/30/2020
Region1,2020-04-15,1.0,1.0,1.0,1.0,0.16576,0.16576,0.16576,0.16576,0.08288,0.08288,0.08288,0.08288,04/17/2020,05/09/2020,05/23/2020,10/30/2020
Region1,2020-04-16,1.0,1.0,1.0,1.0,0.16576,0.16576,0.16576,0.16576,0.08288,0.08288,0.08288,0.08288,04/17/2020,05/09/2020,05/23/2020,10/30/2020
Region1,2020-04-17,1.0,1.0,1.0,1.0,0.16576,0.16576,0.16576,0.16576,0.08288,0.08288,0.08288,0.08288,04/17/2020,05/09/2020,05/23/2020,10/30/2020
Region1,2020-04-18,1.0,1.0,1.0,1.0,0.16576,0.16576,0.16576,0.16576,0.08288,0.08288,0.08288,0.08288,04/17/2020,05/09/2020,05/23/2020,10/30/2020
Region1,2020-04-19,1.0,1.0,1.0,1.0,0.16576,0.16576,0.16576,0.16576,0.08288,0.08288,0.08288,0.08288,04/17/2020,05/09/2020,05/23/2020,10/30/2020
Region1,2020-04-20,1.0,1.0,1.0,1.0,0.16576,0.16576,0.16576,0.16576,0.08288,0.08288,0.08288,0.08288,04/17/2020,05/09/2020,05/23/2020,10/30/2020
Region1,2020-04-21,1.0,1.0,1.0,1.0,0.16576,0.16576,0.16576,0.16576,0.08288,0.08288,0.08288,0.08288,04/17/2020,05/09/2020,05/23/2020,10/30/2020
Region1,2020-04-22,1.0,1.0,1.0,1.0,0.16576,0.16576,0.16576,0.16576,0.08288,0.08288,0.08288,0.08288,04/17/2020,05/09/2020,05/23/2020,10/30/2020
Region1,2020-04-23,1.0,1.0,1.0,1.0,0.16576,0.16576,0.16576,0.16576,0.08288,0.08288,0.08288,0.08288,04/17/2020,05/09/2020,05/23/2020,10/30/2020
Region1,2020-04-24,1.0,1.0,1.0,1.0,0.16576,0.16576,0.16576,0.16576,0.08288,0.08288,0.08288,0.08288,04/17/2020,05/09/2020,05/23/2020,10/30/2020
Region1,2020-04-25,1.0,1.0,1.0,1.0,0.16576,0.16576,0.16576,0.16576,0.08288,0.08288,0.08288,0.08288,04/17/2020,05/09/2020,05/23/2020,10/30/2020
Region1,2020-04-26,1.0,1.0,1.0,1.0,0.16576,0.16576,0.16576,0.16576,0.08288,0.08288,0.08288,0.08288,04/17/2020,05/09/2020,05/23/2020,10/30/2020
Region1,2020-04-27,1.0,1.0,1.0,1.0,0.16576,0.16576,0.16576,0.16576,0.08288,0.08288,0.08288,0.08288,04/17/2020,05/09/2020,05/23/2020,10/30/2020
Region1,2020-04-28,1.0,1.0,1.0,1.0,0.16576,0.16576,0.16576,0.16576,0.08288,0.08288,0.08288,0.08288,04/17/2020,05/09/2020,05/23/2020,10/30/2020
Region1,2020-04-29,1.0,1.0,1.0,1.0,0.16576,0.16576,0.16576,0.16576,0.08288,0.08288,0.08288,0.08288,04/17/2020,05/09/2020,05/23/2020,10/30/2020
Region1,2020-04-30,1.0,1.0,1.0,1.0,0.16576,0.16576,0.16576,0.16576,0.08288,0.08288,0.08288,0.08288,04/17/2020,05/09/2020,05/23/2020,10/30/2020
Region1,2020-05-01,1.0,1.0,1.0,1.0,0.16576,0.16576,0.16576,0.16576,0.08288,0.08288,0.08288,0.08288,04/17/2020,05/09/2020,05/23/2020,10/30/2020
Region1,2020-05-02,1.0,1.0,1.0,1.0,0.16576,0.16576,0.16576,0.16576,0.08288,0.08288,0.08288,0.08288,04/17/2020,05/09/2020,05/23/2020,10/30/2020
Region1,2020-05-03,1.0,1.0,1.0,1.0,0.16576,0.16576,0.16576,0.16576,0.08288,0.08288,0.08288,0.08288,04/17/2020,05/09/2020,05/23/2020,10/30/2020
Region1,2020-05-04,1.0,1.0,1.0,1.0,0.16576,0.16576,0.16576,0.16576,0.08288,0.08288,0.08288,0.08288,04/17/2020,05/09/2020,05/23/2020,10/30/2020
Region1,2020-05-05,1.0,1.0,1.0,1.0,0.16576,0.16576,0.16576,0.16576,0.08288,0.08288,0.08288,0.08288,04/17/2020,05/09/2020,05/23/2020,10/30/2020
Region1,2020-05-06,1.0,1.0,1.0,1.0,0.16576,0.16576,0.16576,0.16576,0.08288,0.08288,0.08288,0.08288,04/17/2020,05/09/2020,05/23/2020,10/30/2020
Region1,2020-05-07,1.0,1.0,1.0,1.0,0.16576,0.16576,0.16576,0.16576,0.08288,0.08288,0.08288,0.08288,04/17/2020,05/09/2020,05/23/2020,10/30/2020
Region1,2020-05-08,1.0,1.0,1.0,1.0,0.16576,0.16576,0.16576,0.16576,0.08288,0.08288,0.08288,0.08288,04/17/2020,05/09/2020,05/23/2020,10/30/2020
Region1,2020-05-09,1.0,1.0,1.0,1.0,0.16576,0.16576,0.16576,0.16576,0.08288,0.08288,0.08288,0.08288,04/17/2020,05/09/2020,05/23/2020,10/30/2020
Region1,2020-05-10,1.0,1.0,1.0,1.0,0.16576,0.16576,0.16576,0.16576,0.08288,0.08288,0.08288,0.08288,04/17/2020,05/09/2020,05/23/2020,10/30/2020
Region1,2020-05-11,1.0,1.0,1.0,1.0,0.16576,0.16576,0.16576,0.16576,0.08288,0.08288,0.08288,0.08288,04/17/2020,05/09/2020,05/23/2020,10/30/2020
Region1,2020-05-12,1.0,1.0,1.0,1.0,0.16576,0.16576,0.16576,0.16576,0.08288,0.08288,0.08288,0.08288,04/17/2020,05/09/2020,05/23/2020,10/30/2020
Region1,2020-05-13,1.0,1.0,1.0,1.0,0.16576,0.16576,0.16576,0.16576,0.08288,0.08288,0.08288,0.08288,04/17/2020,05/09/2020,05/23/2020,10/30/2020
Region1,2020-05-14,1.0,1.0,1.0,1.0,0.16576,0.16576,0.16576,0.16576,0.08288,0.08288,0.08288,0.08288,04/17/2020,05/09/2020,05/23/2020,10/30/2020
Region1,2020-05-15,1.0,1.0,1.0,1.0,0.16576,0.16576,0.16576,0.16576,0.08288,0.08288,0.08288,0.08288,04/17/2020,05/09/2020,05/23/2020,10/30/2020
Region1,2020-05-16,1.0,1.0,1.0,1.0,0.16576,0.16576,0.16576,0.16576,0.08288,0.08288,0.08288,0.08288,04/17/2020,05/09/2020,05/23/2020,10/30/2020
Region1,2020-05-17,1.0,1.0,1.0,1.0,0.16576,0.16576,0.16576,0.16576,0.08288,0.08288,0.08288,0.08288,04/17/2020,05/09/2020,05/23/2020,10/30/2020
Region1,2020-05-18,1.0,1.0,1.0,1.0,0.16576,0.16576,0.16576,0.16576,0.08288,0.08288,0.08288,0.08288,04/17/2020,05/09/2020,05/23/2020,10/30/2020
Region1,2020-05-19,1.0,1.0,1.0,1.0,0.16576,0.16576,0.16576,0.16576,0.08288,0.08288,0.08288,0.08288,04/17/2020,05/09/2020,05/23/2020,10/30/2020
Region1,2020-05-20,1.0,1.0,1.0,1.0,0.16576,0.16576,0.16576,0.16576,0.08288,0.08288,0.08288,0.08288,04/17/2020,05/09/2020,05/23/2020,10/30/2020
Region1,2020-05-21,1.0,1.0,1.0,1.0,0.16576,0.16576,0.16576,0.16576,0.08288,0.08288,0.08288,0.08288,04/17/2020,05/09/2020,05/23/2020,10/30/2020
Region1,2020-05-22,1.0,1.0,1.0,1.0,0.16576,0.16576,0.16576,0.16576,0.08288,0.08288,0.08288,0.08288,04/17/2020,05/09/2020,05/23/2020,10/30/2020
Region1,2020-05-23,1.0,1.0,1.0,1.0,0.16576,0.16576,0.16576,0.16576,0.08288,0.08288,0.08288,0.08288,04/17/2020,05/09/2020,05/23/2020,10/30/2020
Region1,2020-05-24,1.0,1.0,1.0,1.0,0.16576,0.16576,0.16576,0.16576,0.08288,0.08288,0.08288,0.08288,04/17/2020,05/09/2020,05/23/2020,10/30/2020
Region1,2020-05-25,1.0,1.0,1.0,1.0,0.16576,0.16576,0.16576,0.16576,0.08288,0.08288,0.08288,0.08288,04/17/2020,05/09/2020,05/23/2020,10/30/2020
Region1,2020-05-26,1.0,1.0,1.0,1.0,0.16576,0.16576,0.16576,0.16576,0.08288,0.08288,0.08288,0.08288,04/17/2020,05/09/2020,05/23/2020,10/30/2020
Region1,2020-05-27,1.0,1.0,1.0,1.0,0.16576,0.16576,0.16576,0.16576,0.08288,0.08288,0.08288,0.08288,04/17/2020,05/09/2020,05/23/2020,10/30/2020
Region1,2020-05-28,1.0,1.0,1.0,1.0,0.16576,0.16576,0.16576,0.16576,0.08288,0.08288,0.08288,0.08288,04/17/2020,05/09/2020,05/23/2020,10/30/2020
Region1,2020-05-29,1.0,1.0,1.0,1.0,0.16576,0.16576,0.16576,0.16576,0.08288,0.08288,0.08288,0.08288,04/17/2020,05/09/2020,05/23/2020,10/30/2020
Region1,2020-05-30,1.0,1.0,1.0,1.0,0.16576,0.16576,0.16576,0.16576,0.08288,0.08288,0.08288,0.08288,04/17/2020,05/09/2020,05/23/2020,10/30/2020
Region1,2020-05-31,1.0,1.0,1.0,1.0,0.16576,0.16576,0.16576,0.16576,0.08288,0.08288,0.08288,0.08288,04/17/2020,05/09/2020,05/23/2020,10/30/2020
Region1,2020-06-01,1.0,1.0,1.0,1.0,0.16576,0.16576,0.16576,0.16576,0.08288,0.08288,0.08288,0.08288,04/17/2020,05/09/2020,05/23/2020,10/30/2020
Region1,2020-06-02,1.0,1.0,1.0,1.0,0.16576,0.16576,0.16576,0.16576,0.08288,0.08288,0.08288,0.08288,04/17/2020,05/09/2020,05/23/2020,10/30/2020
Region1,2020-06-03,1.0,1.0,1.0,1.0,0.16576,0.16576,0.16576,0.16576,0.08288,0.08288,0.08288,0.08288,04/17/2020,05/09/2020,05/23/2020,10/30/2020
Region1,2020-06-04,1.0,1.0,1.0,1.0,0.16576,0.16576,0.16576,0.16576,0.08288,0.08288,0.08288,0.08288,04/17/2020,05/09/2020,05/23/2020,10/30/2020
Region1,2020-06-05,1.0,1.0,1.0,1.0,0.16576,0.16576,0.16576,0.16576,0.08288,0.08288,0.08288,0.08288,04/17/2020,05/09/2020,05/23/2020,10/30/2020
Region1,2020-06-06,1.0,1.0,1.0,1.0,0.16576,0.16576,0.16576,0.16576,0.08288,0.08288,0.08288,0.08288,04/17/2020,05/09/2020,05/23/2020,10/30/2020
Region1,2020-06-07,1.0,1.0,1.0,1.0,0.16576,0.16576,0.16576,0.16576,0.08288,0.08288,0.08288,0.08288,04/17/2020,05/09/2020,05/23/2020,10/30/2020
Region1,2020-06-08,2.0,1.0,1.0,1.0,0.33151,0.16576,0.16576,0.16576,0.16576,0.08288,0.08288,0.08288,04/17/2020,05/09/2020,05/23/2020,10/30/2020
Region1,2020-06-09,2.0,1.0,1.0,1.0,0.33151,0.16576,0.16576,0.16576,0.16576,0.08288,0.08288,0.08288,04/17/2020,05/09/2020,05/23/2020,10/30/2020
Region1,2020-06-10,2.0,1.0,1.0,1.0,0.33151,0.16576,0.16576,0.16576,0.16576,0.08288,0.08288,0.08288,04/17/2020,05/09/2020,05/23/2020,10/30/2020
Region1,2020-06-11,2.0,1.0,1.0,1.0,0.33151,0.16576,0.16576,0.16576,0.16576,0.08288,0.08288,0.08288,04/17/2020,05/09/2020,05/23/2020,10/30/2020
Region1,2020-06-12,2.0,1.0,1.0,1.0,0.33151,0.16576,0.16576,0.16576,0.16576,0.08288,0.08288,0.08288,04/17/2020,05/09/2020,05/23/2020,10/30/2020
Region1,2020-06-13,2.0,1.0,1.0,1.0,0.33151,0.16576,0.16576,0.16576,0.16576,0.08288,0.08288,0.08288,04/17/2020,05/09/2020,05/23/2020,10/30/2020
Region1,2020-06-14,2.0,1.0,1.0,1.0,0.33151,0.16576,0.16576,0.16576,0.16576,0.08288,0.08288,0.08288,04/17/2020,05/09/2020,05/23/2020,10/30/2020
Region1,2020-06-15,3.0,1.0,1.0,1.0,0.49727,0.16576,0.16576,0.16576,0.24863,0.08288,0.08288,0.08288,04/17/2020,05/09/2020,05/23/2020,10/30/2020
Region1,2020-06-16,3.0,1.0,1.0,1.0,0.49727,0.16576,0.16576,0.16576,0.24863,0.08288,0.08288,0.08288,04/17/2020,05/09/2020,05/23/2020,10/30/2020
Region1,2020-06-17,3.0,1.0,1.0,1.0,0.49727,0.16576,0.16576,0.16576,0.24863,0.08288,0.08288,0.08288,04/17/2020,05/09/2020,05/23/2020,10/30/2020
Region1,2020-06-18,3.0,1.0,1.0,1.0,0.49727,0.16576,0.16576,0.16576,0.24863,0.08288,0.08288,0.08288,04/17/2020,05/09/2020,05/23/2020,10/30/2020
Region1,2020-06-19,4.0,1.0,1.0,1.0,0.66302,0.16576,0.16576,0.16576,0.33151,0.08288,0.08288,0.08288,04/17/2020,05/09/2020,05/23/2020,10/30/2020
Region1,2020-06-20,4.0,1.0,1.0,1.0,0.66302,0.16576,0.16576,0.16576,0.33151,0.08288,0.08288,0.08288,04/17/2020,05/09/2020,05/23/2020,10/30/2020
Region1,2020-06-21,4.0,1.0,1.0,1.0,0.66302,0.16576,0.16576,0.16576,0.33151,0.08288,0.08288,0.08288,04/17/2020,05/09/2020,05/23/2020,10/30/2020
Region1,2020-06-22,5.0,1.0,1.0,1.0,0.82878,0.16576,0.16576,0.16576,0.41439,0.08288,0.08288,0.08288,04/17/2020,05/09/2020,05/23/2020,10/30/2020
Region1,2020-06-23,5.0,2.0,1.0,1.0,0.82878,0.33151,0.16576,0.16576,0.41439,0.16576,0.08288,0.08288,04/17/2020,05/09/2020,05/23/2020,10/30/2020
Region1,2020-06-24,6.0,2.0,1.0,1.0,0.99453,0.33151,0.16576,0.16576,0.49727,0.16576,0.08288,0.08288,04/17/2020,05/09/2020,05/23/2020,10/30/2020
Region1,2020-06-25,6.0,2.0,1.0,1.0,0.99453,0.33151,0.16576,0.16576,0.49727,0.16576,0.08288,0.08288,04/17/2020,05/09/2020,05/23/2020,10/30/2020
Region1,2020-06-26,7.0,2.0,1.0,1.0,1.16029,0.33151,0.16576,0.16576,0.58015,0.16576,0.08288,0.08288,04/17/2020,05/09/2020,05/23/2020,10/30/2020
Region1,2020-06-27,7.0,2.0,1.0,1.0,1.16029,0.33151,0.16576,0.16576,0.58015,0.16576,0.08288,0.08288,04/17/2020,05/09/2020,05/23/2020,10/30/2020
Region1,2020-06-28,8.0,2.0,1.0,1.0,1.32605,0.33151,0.16576,0.16576,0.66302,0.16576,0.08288,0.08288,04/17/2020,05/09/2020,05/23/2020,10/30/2020
Region1,2020-06-29,9.0,2.0,1.0,1.0,1.4918,0.33151,0.16576,0.16576,0.7459,0.16576,0.08288,0.08288,04/17/2020,05/09/2020,05/23/2020,10/30/2020
Region1,2020-06-30,10.0,3.0,1.0,1.0,1.65756,0.49727,0.16576,0.16576,0.82878,0.24863,0.08288,0.08288,04/17/2020,05/09/2020,05/23/2020,10/30/2020
Region1,2020-07-01,11.0,3.0,1.0,0.0,1.82331,0.49727,0.16576,0.0,0.91166,0.24863,0.08288,0.0,04/17/2020,05/09/2020,05/23/2020,10/30/2020
Region1,2020-07-02,12.0,3.0,1.0,0.0,1.98907,0.49727,0.16576,0.0,0.99453,0.24863,0.08288,0.0,04/17/2020,05/09/2020,05/23/2020,10/30/2020
Region1,2020-07-03,13.0,3.0,1.0,0.0,2.15482,0.49727,0.16576,0.0,1.07741,0.24863,0.08288,0.0,04/17/2020,05/09/2020,05/23/2020,10/30/2020
Region1,2020-07-04,14.0,4.0,1.0,0.0,2.32058,0.66302,0.16576,0.0,1.16029,0.33151,0.08288,0.0,04/17/2020,05/09/2020,05/23/2020,10/30/2020
Region1,2020-07-05,16.0,4.0,1.0,0.0,2.65209,0.66302,0.16576,0.0,1.32605,0.33151,0.08288,0.0,04/17/2020,05/09/2020,05/23/2020,10/30/2020
Region1,2020-07-06,17.0,4.0,1.0,0.0,2.81785,0.66302,0.16576,0.0,1.40892,0.33151,0.08288,0.0,04/17/2020,05/09/2020,05/23/2020,10/30/2020
Region1,2020-07-07,19.0,5.0,1.0,0.0,3.14936,0.82878,0.16576,0.0,1.57468,0.41439,0.08288,0.0,04/17/2020,05/09/2020,05/23/2020,10/30/2020
Region1,2020-07-08,21.0,5.0,1.0,0.0,3.48087,0.82878,0.16576,0.0,1.74044,0.41439,0.08288,0.0,04/17/2020,05/09/2020,05/23/2020,10/30/2020
Region1,2020-07-09,23.0,6.0,1.0,0.0,3.81238,0.99453,0.16576,0.0,1.90619,0.49727,0.08288,0.0,04/17/2020,05/09/2020,05/23/2020,10/30/2020
Region2,2020-03-22,0.0,0.0,0.0,0.0,0.0,0.0,0.0,0.0,0.0,0.0,0.0,0.0,04/17/2020,05/09/2020,05/23/2020,10/30/2020
Region2,2020-03-23,0.0,0.0,0.0,0.0,0.0,0.0,0.0,0.0,0.0,0.0,0.0,0.0,04/17/2020,05/09/2020,05/23/2020,10/30/2020
Region2,2020-03-24,0.0,0.0,0.0,0.0,0.0,0.0,0.0,0.0,0.0,0.0,0.0,0.0,04/17/2020,05/09/2020,05/23/2020,10/30/2020
Region2,2020-03-25,1.0,1.0,1.0,1.0,0.15095,0.15095,0.15095,0.15095,0.07547,0.07547,0.07547,0.07547,04/17/2020,05/09/2020,05/23/2020,10/30/2020
Region2,2020-03-26,1.0,1.0,1.0,1.0,0.15095,0.15095,0.15095,0.15095,0.07547,0.07547,0.07547,0.07547,04/17/2020,05/09/2020,05/23/2020,10/30/2020
Region2,2020-03-27,1.0,1.0,1.0,1.0,0.15095,0.15095,0.15095,0.15095,0.07547,0.07547,0.07547,0.07547,04/17/2020,05/09/2020,05/23/2020,10/30/2020
Region2,2020-03-28,1.0,1.0,1.0,1.0,0.15095,0.15095,0.15095,0.15095,0.07547,0.07547,0.07547,0.07547,04/17/2020,05/09/2020,05/23/2020,10/30/2020
Region2,2020-03-29,1.0,1.0,1.0,1.0,0.15095,0.15095,0.15095,0.15095,0.07547,0.07547,0.07547,0.07547,04/17/2020,05/09/2020,05/23/2020,10/30/2020
Region2,2020-03-30,1.0,1.0,1.0,1.0,0.15095,0.15095,0.15095,0.15095,0.07547,0.07547,0.07547,0.07547,04/17/2020,05/09/2020,05/23/2020,10/30/2020
Region2,2020-03-31,1.0,1.0,1.0,1.0,0.15095,0.15095,0.15095,0.15095,0.07547,0.07547,0.07547,0.07547,04/17/2020,05/09/2020,05/23/2020,10/30/2020
Region2,2020-04-01,1.0,1.0,1.0,1.0,0.15095,0.15095,0.15095,0.15095,0.07547,0.07547,0.07547,0.07547,04/17/2020,05/09/2020,05/23/2020,10/30/2020
Region2,2020-04-02,1.0,1.0,1.0,1.0,0.15095,0.15095,0.15095,0.15095,0.07547,0.07547,0.07547,0.07547,04/17/2020,05/09/2020,05/23/2020,10/30/2020
Region2,2020-04-03,2.0,2.0,2.0,2.0,0.30189,0.30189,0.30189,0.30189,0.15095,0.15095,0.15095,0.15095,04/17/2020,05/09/2020,05/23/2020,10/30/2020
Region2,2020-04-04,2.0,2.0,2.0,2.0,0.30189,0.30189,0.30189,0.30189,0.15095,0.15095,0.15095,0.15095,04/17/2020,05/09/2020,05/23/2020,10/30/2020
Region2,2020-04-05,2.0,2.0,2.0,2.0,0.30189,0.30189,0.30189,0.30189,0.15095,0.15095,0.15095,0.15095,04/17/2020,05/09/2020,05/23/2020,10/30/2020
Region2,2020-04-06,2.0,2.0,2.0,2.0,0.30189,0.30189,0.30189,0.30189,0.15095,0.15095,0.15095,0.15095,04/17/2020,05/09/2020,05/23/2020,10/30/2020
Region2,2020-04-07,2.0,2.0,2.0,2.0,0.30189,0.30189,0.30189,0.30189,0.15095,0.15095,0.15095,0.15095,04/17/2020,05/09/2020,05/23/2020,10/30/2020
Region2,2020-04-08,2.0,2.0,2.0,2.0,0.30189,0.30189,0.30189,0.30189,0.15095,0.15095,0.15095,0.15095,04/17/2020,05/09/2020,05/23/2020,10/30/2020
Region2,2020-04-09,3.0,3.0,3.0,3.0,0.45284,0.45284,0.45284,0.45284,0.22642,0.22642,0.22642,0.22642,04/17/2020,05/09/2020,05/23/2020,10/30/2020
Region2,2020-04-10,3.0,3.0,3.0,3.0,0.45284,0.45284,0.45284,0.45284,0.22642,0.22642,0.22642,0.22642,04/17/2020,05/09/2020,05/23/2020,10/30/2020
Region2,2020-04-11,3.0,3.0,3.0,3.0,0.45284,0.45284,0.45284,0.45284,0.22642,0.22642,0.22642,0.22642,04/17/2020,05/09/2020,05/23/2020,10/30/2020
Region2,2020-04-12,3.0,3.0,3.0,3.0,0.45284,0.45284,0.45284,0.45284,0.22642,0.22642,0.22642,0.22642,04/17/2020,05/09/2020,05/23/2020,10/30/2020
Region2,2020-04-13,3.0,3.0,3.0,3.0,0.45284,0.45284,0.45284,0.45284,0.22642,0.22642,0.22642,0.22642,04/17/2020,05/09/2020,05/23/2020,10/30/2020
Region2,2020-04-14,3.0,3.0,3.0,3.0,0.45284,0.45284,0.45284,0.45284,0.22642,0.22642,0.22642,0.22642,04/17/2020,05/09/2020,05/23/2020,10/30/2020
Region2,2020-04-15,4.0,4.0,4.0,4.0,0.60378,0.60378,0.60378,0.60378,0.30189,0.30189,0.30189,0.30189,04/17/2020,05/09/2020,05/23/2020,10/30/2020
Region2,2020-04-16,4.0,4.0,4.0,4.0,0.60378,0.60378,0.60378,0.60378,0.30189,0.30189,0.30189,0.30189,04/17/2020,05/09/2020,05/23/2020,10/30/2020
Region2,2020-04-17,4.0,4.0,4.0,4.0,0.60378,0.60378,0.60378,0.60378,0.30189,0.30189,0.30189,0.30189,04/17/2020,05/09/2020,05/23/2020,10/30/2020
Region2,2020-04-18,4.0,4.0,4.0,4.0,0.60378,0.60378,0.60378,0.60378,0.30189,0.30189,0.30189,0.30189,04/17/2020,05/09/2020,05/23/2020,10/30/2020
Region2,2020-04-19,4.0,4.0,4.0,4.0,0.60378,0.60378,0.60378,0.60378,0.30189,0.30189,0.30189,0.30189,04/17/2020,05/09/2020,05/23/2020,10/30/2020
Region2,2020-04-20,4.0,4.0,4.0,4.0,0.60378,0.60378,0.60378,0.60378,0.30189,0.30189,0.30189,0.30189,04/17/2020,05/09/2020,05/23/2020,10/30/2020
Region2,2020-04-21,4.0,4.0,4.0,4.0,0.60378,0.60378,0.60378,0.60378,0.30189,0.30189,0.30189,0.30189,04/17/2020,05/09/2020,05/23/2020,10/30/2020
Region2,2020-04-22,5.0,5.0,5.0,5.0,0.75473,0.75473,0.75473,0.75473,0.37737,0.37737,0.37737,0.37737,04/17/2020,05/09/2020,05/23/2020,10/30/2020
Region2,2020-04-23,5.0,5.0,5.0,5.0,0.75473,0.75473,0.75473,0.75473,0.37737,0.37737,0.37737,0.37737,04/17/2020,05/09/2020,05/23/2020,10/30/2020
Region2,2020-04-24,5.0,5.0,5.0,5.0,0.75473,0.75473,0.75473,0.75473,0.37737,0.37737,0.37737,0.37737,04/17/2020,05/09/2020,05/23/2020,10/30/2020
Region2,2020-04-25,5.0,5.0,5.0,5.0,0.75473,0.75473,0.75473,0.75473,0.37737,0.37737,0.37737,0.37737,04/17/2020,05/09/2020,05/23/2020,10/30/2020
Region2,2020-04-26,5.0,5.0,5.0,5.0,0.75473,0.75473,0.75473,0.75473,0.37737,0.37737,0.37737,0.37737,04/17/2020,05/09/2020,05/23/2020,10/30/2020
Region2,2020-04-27,5.0,5.0,5.0,5.0,0.75473,0.75473,0.75473,0.75473,0.37737,0.37737,0.37737,0.37737,04/17/2020,05/09/2020,05/23/2020,10/30/2020
Region2,2020-04-28,6.0,6.0,6.0,5.0,0.90568,0.90568,0.90568,0.75473,0.45284,0.45284,0.45284,0.37737,04/17/2020,05/09/2020,05/23/2020,10/30/2020
Region2,2020-04-29,6.0,6.0,6.0,6.0,0.90568,0.90568,0.90568,0.90568,0.45284,0.45284,0.45284,0.45284,04/17/2020,05/09/2020,05/23/2020,10/30/2020
Region2,2020-04-30,6.0,6.0,6.0,6.0,0.90568,0.90568,0.90568,0.90568,0.45284,0.45284,0.45284,0.45284,04/17/2020,05/09/2020,05/23/2020,10/30/2020
Region2,2020-05-01,6.0,6.0,6.0,6.0,0.90568,0.90568,0.90568,0.90568,0.45284,0.45284,0.45284,0.45284,04/17/2020,05/09/2020,05/23/2020,10/30/2020
Region2,2020-05-02,7.0,7.0,7.0,6.0,1.05662,1.05662,1.05662,0.90568,0.52831,0.52831,0.52831,0.45284,04/17/2020,05/09/2020,05/23/2020,10/30/2020
Region2,2020-05-03,7.0,7.0,7.0,6.0,1.05662,1.05662,1.05662,0.90568,0.52831,0.52831,0.52831,0.45284,04/17/2020,05/09/2020,05/23/2020,10/30/2020
Region2,2020-05-04,7.0,7.0,7.0,6.0,1.05662,1.05662,1.05662,0.90568,0.52831,0.52831,0.52831,0.45284,04/17/2020,05/09/2020,05/23/2020,10/30/2020
Region2,2020-05-05,7.0,7.0,7.0,6.0,1.05662,1.05662,1.05662,0.90568,0.52831,0.52831,0.52831,0.45284,04/17/2020,05/09/2020,05/23/2020,10/30/2020
Region2,2020-05-06,8.0,8.0,8.0,6.0,1.20757,1.20757,1.20757,0.90568,0.60378,0.60378,0.60378,0.45284,04/17/2020,05/09/2020,05/23/2020,10/30/2020
Region2,2020-05-07,8.0,8.0,8.0,6.0,1.20757,1.20757,1.20757,0.90568,0.60378,0.60378,0.60378,0.45284,04/17/2020,05/09/2020,05/23/2020,10/30/2020
Region2,2020-05-08,8.0,8.0,8.0,6.0,1.20757,1.20757,1.20757,0.90568,0.60378,0.60378,0.60378,0.45284,04/17/2020,05/09/2020,05/23/2020,10/30/2020
Region2,2020-05-09,8.0,8.0,8.0,6.0,1.20757,1.20757,1.20757,0.90568,0.60378,0.60378,0.60378,0.45284,04/17/2020,05/09/2020,05/23/2020,10/30/2020
Region2,2020-05-10,8.0,8.0,8.0,6.0,1.20757,1.20757,1.20757,0.90568,0.60378,0.60378,0.60378,0.45284,04/17/2020,05/09/2020,05/23/2020,10/30/2020
Region2,2020-05-11,9.0,9.0,9.0,6.0,1.35852,1.35852,1.35852,0.90568,0.67926,0.67926,0.67926,0.45284,04/17/2020,05/09/2020,05/23/2020,10/30/2020
Region2,2020-05-12,9.0,9.0,9.0,6.0,1.35852,1.35852,1.35852,0.90568,0.67926,0.67926,0.67926,0.45284,04/17/2020,05/09/2020,05/23/2020,10/30/2020
Region2,2020-05-13,9.0,9.0,9.0,6.0,1.35852,1.35852,1.35852,0.90568,0.67926,0.67926,0.67926,0.45284,04/17/2020,05/09/2020,05/23/2020,10/30/2020
Region2,2020-05-14,10.0,9.0,9.0,6.0,1.50946,1.35852,1.35852,0.90568,0.75473,0.67926,0.67926,0.45284,04/17/2020,05/09/2020,05/23/2020,10/30/2020
Region2,2020-05-15,10.0,10.0,10.0,6.0,1.50946,1.50946,1.50946,0.90568,0.75473,0.75473,0.75473,0.45284,04/17/2020,05/09/2020,05/23/2020,10/30/2020
Region2,2020-05-16,10.0,10.0,10.0,6.0,1.50946,1.50946,1.50946,0.90568,0.75473,0.75473,0.75473,0.45284,04/17/2020,05/09/2020,05/23/2020,10/30/2020
Region2,2020-05-17,11.0,10.0,10.0,6.0,1.66041,1.50946,1.50946,0.90568,0.8302,0.75473,0.75473,0.45284,04/17/2020,05/09/2020,05/23/2020,10/30/2020
Region2,2020-05-18,11.0,10.0,10.0,6.0,1.66041,1.50946,1.50946,0.90568,0.8302,0.75473,0.75473,0.45284,04/17/2020,05/09/2020,05/23/2020,10/30/2020
Region2,2020-05-19,11.0,11.0,11.0,6.0,1.66041,1.66041,1.66041,0.90568,0.8302,0.8302,0.8302,0.45284,04/17/2020,05/09/2020,05/23/2020,10/30/2020
Region2,2020-05-20,12.0,11.0,11.0,5.0,1.81135,1.66041,1.66041,0.75473,0.90568,0.8302,0.8302,0.37737,04/17/2020,05/09/2020,05/23/2020,10/30/2020
Region2,2020-05-21,12.0,11.0,11.0,5.0,1.81135,1.66041,1.66041,0.75473,0.90568,0.8302,0.8302,0.37737,04/17/2020,05/09/2020,05/23/2020,10/30/2020
Region2,2020-05-22,13.0,11.0,11.0,5.0,1.9623,1.66041,1.66041,0.75473,0.98115,0.8302,0.8302,0.37737,04/17/2020,05/09/2020,05/23/2020,10/30/2020
Region2,2020-05-23,13.0,12.0,12.0,5.0,1.9623,1.81135,1.81135,0.75473,0.98115,0.90568,0.90568,0.37737,04/17/2020,05/09/2020,05/23/2020,10/30/2020
Region2,2020-05-24,14.0,12.0,12.0,5.0,2.11325,1.81135,1.81135,0.75473,1.05662,0.90568,0.90568,0.37737,04/17/2020,05/09/2020,05/23/2020,10/30/2020
Region2,2020-05-25,14.0,12.0,12.0,5.0,2.11325,1.81135,1.81135,0.75473,1.05662,0.90568,0.90568,0.37737,04/17/2020,05/09/2020,05/23/2020,10/30/2020
Region2,2020-05-26,15.0,12.0,12.0,5.0,2.26419,1.81135,1.81135,0.75473,1.1321,0.90568,0.90568,0.37737,04/17/2020,05/09/2020,05/23/2020,10/30/2020
Region2,2020-05-27,16.0,12.0,12.0,4.0,2.41514,1.81135,1.81135,0.60378,1.20757,0.90568,0.90568,0.30189,04/17/2020,05/09/2020,05/23/2020,10/30/2020
Region2,2020-05-28,16.0,13.0,12.0,4.0,2.41514,1.9623,1.81135,0.60378,1.20757,0.98115,0.90568,0.30189,04/17/2020,05/09/2020,05/23/2020,10/30/2020
Region2,2020-05-29,17.0,13.0,12.0,4.0,2.56609,1.9623,1.81135,0.60378,1.28304,0.98115,0.90568,0.30189,04/17/2020,05/09/2020,05/23/2020,10/30/2020
Region2,2020-05-30,17.0,13.0,13.0,4.0,2.56609,1.9623,1.9623,0.60378,1.28304,0.98115,0.98115,0.30189,04/17/2020,05/09/2020,05/23/2020,10/30/2020
Region2,2020-05-31,18.0,13.0,13.0,4.0,2.71703,1.9623,1.9623,0.60378,1.35852,0.98115,0.98115,0.30189,04/17/2020,05/09/2020,05/23/2020,10/30/2020
Region2,2020-06-01,19.0,14.0,13.0,4.0,2.86798,2.11325,1.9623,0.60378,1.43399,1.05662,0.98115,0.30189,04/17/2020,05/09/2020,05/23/2020,10/30/2020
Region2,2020-06-02,20.0,14.0,13.0,3.0,3.01892,2.11325,1.9623,0.45284,1.50946,1.05662,0.98115,0.22642,04/17/2020,05/09/2020,05/23/2020,10/30/2020
Region2,2020-06-03,20.0,14.0,13.0,3.0,3.01892,2.11325,1.9623,0.45284,1.50946,1.05662,0.98115,0.22642,04/17/2020,05/09/2020,05/23/2020,10/30/2020
Region2,2020-06-04,21.0,14.0,13.0,3.0,3.16987,2.11325,1.9623,0.45284,1.58494,1.05662,0.98115,0.22642,04/17/2020,05/09/2020,05/23/2020,10/30/2020
Region2,2020-06-05,22.0,15.0,13.0,3.0,3.32082,2.26419,1.9623,0.45284,1.66041,1.1321,0.98115,0.22642,04/17/2020,05/09/2020,05/23/2020,10/30/2020
Region2,2020-06-06,23.0,15.0,13.0,3.0,3.47176,2.26419,1.9623,0.45284,1.73588,1.1321,0.98115,0.22642,04/17/2020,05/09/2020,05/23/2020,10/30/2020
Region2,2020-06-07,24.0,15.0,13.0,3.0,3.62271,2.26419,1.9623,0.45284,1.81135,1.1321,0.98115,0.22642,04/17/2020,05/09/2020,05/23/2020,10/30/2020
Region2,2020-06-08,25.0,16.0,13.0,3.0,3.77366,2.41514,1.9623,0.45284,1.88683,1.20757,0.98115,0.22642,04/17/2020,05/09/2020,05/23/2020,10/30/2020
Region2,2020-06-09,25.0,16.0,13.0,2.0,3.77366,2.41514,1.9623,0.30189,1.88683,1.20757,0.98115,0.15095,04/17/2020,05/09/2020,05/23/2020,10/30/2020
Region2,2020-06-10,26.0,16.0,13.0,2.0,3.9246,2.41514,1.9623,0.30189,1.9623,1.20757,0.98115,0.15095,04/17/2020,05/09/2020,05/23/2020,10/30/2020
Region2,2020-06-11,27.0,17.0,13.0,2.0,4.07555,2.56609,1.9623,0.30189,2.03777,1.28304,0.98115,0.15095,04/17/2020,05/09/2020,05/23/2020,10/30/2020
Region2,2020-06-12,28.0,17.0,13.0,2.0,4.22649,2.56609,1.9623,0.30189,2.11325,1.28304,0.98115,0.15095,04/17/2020,05/09/2020,05/23/2020,10/30/2020
Region2,2020-06-13,29.0,18.0,13.0,2.0,4.37744,2.71703,1.9623,0.30189,2.18872,1.35852,0.98115,0.15095,04/17/2020,05/09/2020,05/23/2020,10/30/2020
Region2,2020-06-14,30.0,18.0,13.0,2.0,4.52839,2.71703,1.9623,0.30189,2.26419,1.35852,0.98115,0.15095,04/17/2020,05/09/2020,05/23/2020,10/30/2020
Region2,2020-06-15,31.0,18.0,12.0,2.0,4.67933,2.71703,1.81135,0.30189,2.33967,1.35852,0.90568,0.15095,04/17/2020,05/09/2020,05/23/2020,10/30/2020
Region2,2020-06-16,32.0,19.0,12.0,2.0,4.83028,2.86798,1.81135,0.30189,2.41514,1.43399,0.90568,0.15095,04/17/2020,05/09/2020,05/23/2020,10/30/2020
Region2,2020-06-17,33.0,19.0,12.0,1.0,4.98122,2.86798,1.81135,0.15095,2.49061,1.43399,0.90568,0.07547,04/17/2020,05/09/2020,05/23/2020,10/30/2020
Region2,2020-06-18,33.0,19.0,12.0,1.0,4.98122,2.86798,1.81135,0.15095,2.49061,1.43399,0.90568,0.07547,04/17/2020,05/09/2020,05/23/2020,10/30/2020
Region2,2020-06-19,34.0,20.0,12.0,1.0,5.13217,3.01892,1.81135,0.15095,2.56609,1.50946,0.90568,0.07547,04/17/2020,05/09/2020,05/23/2020,10/30/2020
Region2,2020-06-20,35.0,20.0,12.0,1.0,5.28312,3.01892,1.81135,0.15095,2.64156,1.50946,0.90568,0.07547,04/17/2020,05/09/2020,05/23/2020,10/30/2020
Region2,2020-06-21,35.0,21.0,11.0,1.0,5.28312,3.16987,1.66041,0.15095,2.64156,1.58494,0.8302,0.07547,04/17/2020,05/09/2020,05/23/2020,10/30/2020
Region2,2020-06-22,36.0,21.0,11.0,1.0,5.43406,3.16987,1.66041,0.15095,2.71703,1.58494,0.8302,0.07547,04/17/2020,05/09/2020,05/23/2020,10/30/2020
Region2,2020-06-23,36.0,21.0,11.0,1.0,5.43406,3.16987,1.66041,0.15095,2.71703,1.58494,0.8302,0.07547,04/17/2020,05/09/2020,05/23/2020,10/30/2020
Region2,2020-06-24,37.0,22.0,11.0,1.0,5.58501,3.32082,1.66041,0.15095,2.7925,1.66041,0.8302,0.07547,04/17/2020,05/09/2020,05/23/2020,10/30/2020
Region2,2020-06-25,37.0,22.0,10.0,1.0,5.58501,3.32082,1.50946,0.15095,2.7925,1.66041,0.75473,0.07547,04/17/2020,05/09/2020,05/23/2020,10/30/2020
Region2,2020-06-26,37.0,23.0,10.0,1.0,5.58501,3.47176,1.50946,0.15095,2.7925,1.73588,0.75473,0.07547,04/17/2020,05/09/2020,05/23/2020,10/30/2020
Region2,2020-06-27,38.0,23.0,10.0,1.0,5.73596,3.47176,1.50946,0.15095,2.86798,1.73588,0.75473,0.07547,04/17/2020,05/09/2020,05/23/2020,10/30/2020
Region2,2020-06-28,38.0,23.0,10.0,1.0,5.73596,3.47176,1.50946,0.15095,2.86798,1.73588,0.75473,0.07547,04/17/2020,05/09/2020,05/23/2020,10/30/2020
Region2,2020-06-29,38.0,24.0,10.0,1.0,5.73596,3.62271,1.50946,0.15095,2.86798,1.81135,0.75473,0.07547,04/17/2020,05/09/2020,05/23/2020,10/30/2020
Region2,2020-06-30,38.0,24.0,9.0,0.0,5.73596,3.62271,1.35852,0.0,2.86798,1.81135,0.67926,0.0,04/17/2020,05/09/2020,05/23/2020,10/30/2020
Region2,2020-07-01,37.0,24.0,9.0,0.0,5.58501,3.62271,1.35852,0.0,2.7925,1.81135,0.67926,0.0,04/17/2020,05/09/2020,05/23/2020,10/30/2020
Region2,2020-07-02,37.0,25.0,9.0,0.0,5.58501,3.77366,1.35852,0.0,2.7925,1.88683,0.67926,0.0,04/17/2020,05/09/2020,05/23/2020,10/30/2020
Region2,2020-07-03,37.0,25.0,9.0,0.0,5.58501,3.77366,1.35852,0.0,2.7925,1.88683,0.67926,0.0,04/17/2020,05/09/2020,05/23/2020,10/30/2020
Region2,2020-07-04,36.0,25.0,8.0,0.0,5.43406,3.77366,1.20757,0.0,2.71703,1.88683,0.60378,0.0,04/17/2020,05/09/2020,05/23/2020,10/30/2020
Region2,2020-07-05,36.0,25.0,8.0,0.0,5.43406,3.77366,1.20757,0.0,2.71703,1.88683,0.60378,0.0,04/17/2020,05/09/2020,05/23/2020,10/30/2020
Region2,2020-07-06,35.0,26.0,8.0,0.0,5.28312,3.9246,1.20757,0.0,2.64156,1.9623,0.60378,0.0,04/17/2020,05/09/2020,05/23/2020,10/30/2020
Region2,2020-07-07,35.0,26.0,8.0,0.0,5.28312,3.9246,1.20757,0.0,2.64156,1.9623,0.60378,0.0,04/17/2020,05/09/2020,05/23/2020,10/30/2020
Region2,2020-07-08,34.0,26.0,7.0,0.0,5.13217,3.9246,1.05662,0.0,2.56609,1.9623,0.52831,0.0,04/17/2020,05/09/2020,05/23/2020,10/30/2020
Region2,2020-07-09,33.0,26.0,7.0,0.0,4.98122,3.9246,1.05662,0.0,2.49061,1.9623,0.52831,0.0,04/17/2020,05/09/2020,05/23/2020,10/30/2020
Region3,2020-03-22,1.0,1.0,1.0,1.0,0.1675,0.1675,0.1675,0.1675,0.08375,0.08375,0.08375,0.08375,04/17/2020,05/09/2020,05/23/2020,10/30/2020
Region3,2020-03-23,1.0,1.0,1.0,1.0,0.1675,0.1675,0.1675,0.1675,0.08375,0.08375,0.08375,0.08375,04/17/2020,05/09/2020,05/23/2020,10/30/2020
Region3,2020-03-24,1.0,1.0,1.0,1.0,0.1675,0.1675,0.1675,0.1675,0.08375,0.08375,0.08375,0.08375,04/17/2020,05/09/2020,05/23/2020,10/30/2020
Region3,2020-03-25,1.0,1.0,1.0,1.0,0.1675,0.1675,0.1675,0.1675,0.08375,0.08375,0.08375,0.08375,04/17/2020,05/09/2020,05/23/2020,10/30/2020
Region3,2020-03-26,2.0,2.0,2.0,2.0,0.33499,0.33499,0.33499,0.33499,0.1675,0.1675,0.1675,0.1675,04/17/2020,05/09/2020,05/23/2020,10/30/2020
Region3,2020-03-27,2.0,2.0,2.0,2.0,0.33499,0.33499,0.33499,0.33499,0.1675,0.1675,0.1675,0.1675,04/17/2020,05/09/2020,05/23/2020,10/30/2020
Region3,2020-03-28,2.0,2.0,2.0,2.0,0.33499,0.33499,0.33499,0.33499,0.1675,0.1675,0.1675,0.1675,04/17/2020,05/09/2020,05/23/2020,10/30/2020
Region3,2020-03-29,2.0,2.0,2.0,2.0,0.33499,0.33499,0.33499,0.33499,0.1675,0.1675,0.1675,0.1675,04/17/2020,05/09/2020,05/23/2020,10/30/2020
Region3,2020-03-30,3.0,3.0,3.0,3.0,0.50249,0.50249,0.50249,0.50249,0.25124,0.25124,0.25124,0.25124,04/17/2020,05/09/2020,05/23/2020,10/30/2020
Region3,2020-03-31,3.0,3.0,3.0,3.0,0.50249,0.50249,0.50249,0.50249,0.25124,0.25124,0.25124,0.25124,04/17/2020,05/09/2020,05/23/2020,10/30/2020
Region3,2020-04-01,3.0,3.0,3.0,3.0,0.50249,0.50249,0.50249,0.50249,0.25124,0.25124,0.25124,0.25124,04/17/2020,05/09/2020,05/23/2020,10/30/2020
Region3,2020-04-02,3.0,3.0,3.0,3.0,0.50249,0.50249,0.50249,0.50249,0.25124,0.25124,0.25124,0.25124,04/17/2020,05/09/2020,05/23/2020,10/30/2020
Region3,2020-04-03,4.0,4.0,4.0,4.0,0.66998,0.66998,0.66998,0.66998,0.33499,0.33499,0.33499,0.33499,04/17/2020,05/09/2020,05/23/2020,10/30/2020
Region3,2020-04-04,4.0,4.0,4.0,4.0,0.66998,0.66998,0.66998,0.66998,0.33499,0.33499,0.33499,0.33499,04/17/2020,05/09/2020,05/23/2020,10/30/2020
Region3,2020-04-05,4.0,4.0,4.0,4.0,0.66998,0.66998,0.66998,0.66998,0.33499,0.33499,0.33499,0.33499,04/17/2020,05/09/2020,05/23/2020,10/30/2020
Region3,2020-04-06,4.0,4.0,4.0,4.0,0.66998,0.66998,0.66998,0.66998,0.33499,0.33499,0.33499,0.33499,04/17/2020,05/09/2020,05/23/2020,10/30/2020
Region3,2020-04-07,4.0,4.0,4.0,4.0,0.66998,0.66998,0.66998,0.66998,0.33499,0.33499,0.33499,0.33499,04/17/2020,05/09/2020,05/23/2020,10/30/2020
Region3,2020-04-08,5.0,5.0,5.0,5.0,0.83748,0.83748,0.83748,0.83748,0.41874,0.41874,0.41874,0.41874,04/17/2020,05/09/2020,05/23/2020,10/30/2020
Region3,2020-04-09,5.0,5.0,5.0,5.0,0.83748,0.83748,0.83748,0.83748,0.41874,0.41874,0.41874,0.41874,04/17/2020,05/09/2020,05/23/2020,10/30/2020
Region3,2020-04-10,6.0,6.0,6.0,6.0,1.00498,1.00498,1.00498,1.00498,0.50249,0.50249,0.50249,0.50249,04/17/2020,05/09/2020,05/23/2020,10/30/2020
Region3,2020-04-11,6.0,6.0,6.0,6.0,1.00498,1.00498,1.00498,1.00498,0.50249,0.50249,0.50249,0.50249,04/17/2020,05/09/2020,05/23/2020,10/30/2020
Region3,2020-04-12,6.0,6.0,6.0,6.0,1.00498,1.00498,1.00498,1.00498,0.50249,0.50249,0.50249,0.50249,04/17/2020,05/09/2020,05/23/2020,10/30/2020
Region3,2020-04-13,6.0,6.0,6.0,6.0,1.00498,1.00498,1.00498,1.00498,0.50249,0.50249,0.50249,0.50249,04/17/2020,05/09/2020,05/23/2020,10/30/2020
Region3,2020-04-14,7.0,7.0,7.0,7.0,1.17247,1.17247,1.17247,1.17247,0.58624,0.58624,0.58624,0.58624,04/17/2020,05/09/2020,05/23/2020,10/30/2020
Region3,2020-04-15,7.0,7.0,7.0,7.0,1.17247,1.17247,1.17247,1.17247,0.58624,0.58624,0.58624,0.58624,04/17/2020,05/09/2020,05/23/2020,10/30/2020
Region3,2020-04-16,7.0,7.0,7.0,7.0,1.17247,1.17247,1.17247,1.17247,0.58624,0.58624,0.58624,0.58624,04/17/2020,05/09/2020,05/23/2020,10/30/2020
Region3,2020-04-17,7.0,7.0,7.0,7.0,1.17247,1.17247,1.17247,1.17247,0.58624,0.58624,0.58624,0.58624,04/17/2020,05/09/2020,05/23/2020,10/30/2020
Region3,2020-04-18,8.0,8.0,8.0,8.0,1.33997,1.33997,1.33997,1.33997,0.66998,0.66998,0.66998,0.66998,04/17/2020,05/09/2020,05/23/2020,10/30/2020
Region3,2020-04-19,8.0,8.0,8.0,8.0,1.33997,1.33997,1.33997,1.33997,0.66998,0.66998,0.66998,0.66998,04/17/2020,05/09/2020,05/23/2020,10/30/2020
Region3,2020-04-20,8.0,8.0,8.0,8.0,1.33997,1.33997,1.33997,1.33997,0.66998,0.66998,0.66998,0.66998,04/17/2020,05/09/2020,05/23/2020,10/30/2020
Region3,2020-04-21,8.0,8.0,8.0,8.0,1.33997,1.33997,1.33997,1.33997,0.66998,0.66998,0.66998,0.66998,04/17/2020,05/09/2020,05/23/2020,10/30/2020
Region3,2020-04-22,9.0,9.0,9.0,9.0,1.50746,1.50746,1.50746,1.50746,0.75373,0.75373,0.75373,0.75373,04/17/2020,05/09/2020,05/23/2020,10/30/2020
Region3,2020-04-23,9.0,9.0,9.0,9.0,1.50746,1.50746,1.50746,1.50746,0.75373,0.75373,0.75373,0.75373,04/17/2020,05/09/2020,05/23/2020,10/30/2020
Region3,2020-04-24,9.0,9.0,9.0,9.0,1.50746,1.50746,1.50746,1.50746,0.75373,0.75373,0.75373,0.75373,04/17/2020,05/09/2020,05/23/2020,10/30/2020
Region3,2020-04-25,9.0,9.0,9.0,9.0,1.50746,1.50746,1.50746,1.50746,0.75373,0.75373,0.75373,0.75373,04/17/2020,05/09/2020,05/23/2020,10/30/2020
Region3,2020-04-26,10.0,10.0,10.0,9.0,1.67496,1.67496,1.67496,1.50746,0.83748,0.83748,0.83748,0.75373,04/17/2020,05/09/2020,05/23/2020,10/30/2020
Region3,2020-04-27,10.0,10.0,10.0,10.0,1.67496,1.67496,1.67496,1.67496,0.83748,0.83748,0.83748,0.83748,04/17/2020,05/09/2020,05/23/2020,10/30/2020
Region3,2020-04-28,10.0,10.0,10.0,10.0,1.67496,1.67496,1.67496,1.67496,0.83748,0.83748,0.83748,0.83748,04/17/2020,05/09/2020,05/23/2020,10/30/2020
Region3,2020-04-29,10.0,10.0,10.0,10.0,1.67496,1.67496,1.67496,1.67496,0.83748,0.83748,0.83748,0.83748,04/17/2020,05/09/2020,05/23/2020,10/30/2020
Region3,2020-04-30,11.0,11.0,11.0,10.0,1.84246,1.84246,1.84246,1.67496,0.92123,0.92123,0.92123,0.83748,04/17/2020,05/09/2020,05/23/2020,10/30/2020
Region3,2020-05-01,11.0,11.0,11.0,10.0,1.84246,1.84246,1.84246,1.67496,0.92123,0.92123,0.92123,0.83748,04/17/2020,05/09/2020,05/23/2020,10/30/2020
Region3,2020-05-02,11.0,11.0,11.0,10.0,1.84246,1.84246,1.84246,1.67496,0.92123,0.92123,0.92123,0.83748,04/17/2020,05/09/2020,05/23/2020,10/30/2020
Region3,2020-05-03,12.0,12.0,12.0,10.0,2.00995,2.00995,2.00995,1.67496,1.00498,1.00498,1.00498,0.83748,04/17/2020,05/09/2020,05/23/2020,10/30/2020
Region3,2020-05-04,12.0,12.0,12.0,10.0,2.00995,2.00995,2.00995,1.67496,1.00498,1.00498,1.00498,0.83748,04/17/2020,05/09/2020,05/23/2020,10/30/2020
Region3,2020-05-05,12.0,12.0,12.0,10.0,2.00995,2.00995,2.00995,1.67496,1.00498,1.00498,1.00498,0.83748,04/17/2020,05/09/2020,05/23/2020,10/30/2020
Region3,2020-05-06,12.0,12.0,12.0,10.0,2.00995,2.00995,2.00995,1.67496,1.00498,1.00498,1.00498,0.83748,04/17/2020,05/09/2020,05/23/2020,10/30/2020
Region3,2020-05-07,13.0,13.0,13.0,10.0,2.17745,2.17745,2.17745,1.67496,1.08872,1.08872,1.08872,0.83748,04/17/2020,05/09/2020,05/23/2020,10/30/2020
Region3,2020-05-08,13.0,13.0,13.0,10.0,2.17745,2.17745,2.17745,1.67496,1.08872,1.08872,1.08872,0.83748,04/17/2020,05/09/2020,05/23/2020,10/30/2020
Region3,2020-05-09,13.0,13.0,13.0,10.0,2.17745,2.17745,2.17745,1.67496,1.08872,1.08872,1.08872,0.83748,04/17/2020,05/09/2020,05/23/2020,10/30/2020
Region3,2020-05-10,13.0,13.0,13.0,10.0,2.17745,2.17745,2.17745,1.67496,1.08872,1.08872,1.08872,0.83748,04/17/2020,05/09/2020,05/23/2020,10/30/2020
Region3,2020-05-11,14.0,14.0,14.0,10.0,2.34494,2.34494,2.34494,1.67496,1.17247,1.17247,1.17247,0.83748,04/17/2020,05/09/2020,05/23/2020,10/30/2020
Region3,2020-05-12,14.0,14.0,14.0,10.0,2.34494,2.34494,2.34494,1.67496,1.17247,1.17247,1.17247,0.83748,04/17/2020,05/09/2020,05/23/2020,10/30/2020
Region3,2020-05-13,14.0,14.0,14.0,10.0,2.34494,2.34494,2.34494,1.67496,1.17247,1.17247,1.17247,0.83748,04/17/2020,05/09/2020,05/23/2020,10/30/2020
Region3,2020-05-14,15.0,15.0,15.0,10.0,2.51244,2.51244,2.51244,1.67496,1.25622,1.25622,1.25622,0.83748,04/17/2020,05/09/2020,05/23/2020,10/30/2020
Region3,2020-05-15,15.0,15.0,15.0,9.0,2.51244,2.51244,2.51244,1.50746,1.25622,1.25622,1.25622,0.75373,04/17/2020,05/09/2020,05/23/2020,10/30/2020
Region3,2020-05-16,16.0,15.0,15.0,9.0,2.67994,2.51244,2.51244,1.50746,1.33997,1.25622,1.25622,0.75373,04/17/2020,05/09/2020,05/23/2020,10/30/2020
Region3,2020-05-17,16.0,15.0,15.0,9.0,2.67994,2.51244,2.51244,1.50746,1.33997,1.25622,1.25622,0.75373,04/17/2020,05/09/2020,05/23/2020,10/30/2020
Region3,2020-05-18,17.0,16.0,16.0,9.0,2.84743,2.67994,2.67994,1.50746,1.42372,1.33997,1.33997,0.75373,04/17/2020,05/09/2020,05/23/2020,10/30/2020
Region3,2020-05-19,17.0,16.0,16.0,9.0,2.84743,2.67994,2.67994,1.50746,1.42372,1.33997,1.33997,0.75373,04/17/2020,05/09/2020,05/23/2020,10/30/2020
Region3,2020-05-20,18.0,16.0,16.0,8.0,3.01493,2.67994,2.67994,1.33997,1.50746,1.33997,1.33997,0.66998,04/17/2020,05/09/2020,05/23/2020,10/30/2020
Region3,2020-05-21,18.0,16.0,16.0,8.0,3.01493,2.67994,2.67994,1.33997,1.50746,1.33997,1.33997,0.66998,04/17/2020,05/09/2020,05/23/2020,10/30/2020
Region3,2020-05-22,19.0,16.0,16.0,8.0,3.18242,2.67994,2.67994,1.33997,1.59121,1.33997,1.33997,0.66998,04/17/2020,05/09/2020,05/23/2020,10/30/2020
Region3,2020-05-23,19.0,17.0,17.0,8.0,3.18242,2.84743,2.84743,1.33997,1.59121,1.42372,1.42372,0.66998,04/17/2020,05/09/2020,05/23/2020,10/30/2020
Region3,2020-05-24,20.0,17.0,17.0,7.0,3.34992,2.84743,2.84743,1.17247,1.67496,1.42372,1.42372,0.58624,04/17/2020,05/09/2020,05/23/2020,10/30/2020
Region3,2020-05-25,21.0,17.0,17.0,7.0,3.51742,2.84743,2.84743,1.17247,1.75871,1.42372,1.42372,0.58624,04/17/2020,05/09/2020,05/23/2020,10/30/2020
Region3,2020-05-26,21.0,17.0,17.0,7.0,3.51742,2.84743,2.84743,1.17247,1.75871,1.42372,1.42372,0.58624,04/17/2020,05/09/2020,05/23/2020,10/30/2020
Region3,2020-05-27,22.0,17.0,17.0,6.0,3.68491,2.84743,2.84743,1.00498,1.84246,1.42372,1.42372,0.50249,04/17/2020,05/09/2020,05/23/2020,10/30/2020
Region3,2020-05-28,23.0,18.0,17.0,6.0,3.85241,3.01493,2.84743,1.00498,1.9262,1.50746,1.42372,0.50249,04/17/2020,05/09/2020,05/23/2020,10/30/2020
Region3,2020-05-29,24.0,18.0,17.0,6.0,4.0199,3.01493,2.84743,1.00498,2.00995,1.50746,1.42372,0.50249,04/17/2020,05/09/2020,05/23/2020,10/30/2020
Region3,2020-05-30,25.0,18.0,17.0,6.0,4.1874,3.01493,2.84743,1.00498,2.0937,1.50746,1.42372,0.50249,04/17/2020,05/09/2020,05/23/2020,10/30/2020
Region3,2020-05-31,26.0,18.0,18.0,5.0,4.3549,3.01493,3.01493,0.83748,2.17745,1.50746,1.50746,0.41874,04/17/2020,05/09/2020,05/23/2020,10/30/2020
Region3,2020-06-01,27.0,19.0,18.0,5.0,4.52239,3.18242,3.01493,0.83748,2.2612,1.59121,1.50746,0.41874,04/17/2020,05/09/2020,05/23/2020,10/30/2020
Region3,2020-06-02,28.0,19.0,18.0,5.0,4.68989,3.18242,3.01493,0.83748,2.34494,1.59121,1.50746,0.41874,04/17/2020,05/09/2020,05/23/2020,10/30/2020
Region3,2020-06-03,29.0,19.0,18.0,5.0,4.85739,3.18242,3.01493,0.83748,2.42869,1.59121,1.50746,0.41874,04/17/2020,05/09/2020,05/23/2020,10/30/2020
Region3,2020-06-04,30.0,20.0,18.0,4.0,5.02488,3.34992,3.01493,0.66998,2.51244,1.67496,1.50746,0.33499,04/17/2020,05/09/2020,05/23/2020,10/30/2020
Region3,2020-06-05,31.0,20.0,18.0,4.0,5.19238,3.34992,3.01493,0.66998,2.59619,1.67496,1.50746,0.33499,04/17/2020,05/09/2020,05/23/2020,10/30/2020
Region3,2020-06-06,32.0,21.0,18.0,4.0,5.35987,3.51742,3.01493,0.66998,2.67994,1.75871,1.50746,0.33499,04/17/2020,05/09/2020,05/23/2020,10/30/2020
Region3,2020-06-07,33.0,21.0,18.0,4.0,5.52737,3.51742,3.01493,0.66998,2.76368,1.75871,1.50746,0.33499,04/17/2020,05/09/2020,05/23/2020,10/30/2020
Region3,2020-06-08,35.0,21.0,17.0,3.0,5.86236,3.51742,2.84743,0.50249,2.93118,1.75871,1.42372,0.25124,04/17/2020,05/09/2020,05/23/2020,10/30/2020
Region3,2020-06-09,36.0,22.0,17.0,3.0,6.02986,3.68491,2.84743,0.50249,3.01493,1.84246,1.42372,0.25124,04/17/2020,05/09/2020,05/23/2020,10/30/2020
Region3,2020-06-10,37.0,22.0,17.0,3.0,6.19735,3.68491,2.84743,0.50249,3.09868,1.84246,1.42372,0.25124,04/17/2020,05/09/2020,05/23/2020,10/30/2020
Region3,2020-06-11,39.0,23.0,17.0,3.0,6.53235,3.85241,2.84743,0.50249,3.26617,1.9262,1.42372,0.25124,04/17/2020,05/09/2020,05/23/2020,10/30/2020
Region3,2020-06-12,40.0,23.0,17.0,3.0,6.69984,3.85241,2.84743,0.50249,3.34992,1.9262,1.42372,0.25124,04/17/2020,05/09/2020,05/23/2020,10/30/2020
Region3,2020-06-13,42.0,24.0,17.0,3.0,7.03483,4.0199,2.84743,0.50249,3.51742,2.00995,1.42372,0.25124,04/17/2020,05/09/2020,05/23/2020,10/30/2020
Region3,2020-06-14,43.0,24.0,17.0,2.0,7.20233,4.0199,2.84743,0.33499,3.60116,2.00995,1.42372,0.1675,04/17/2020,05/09/2020,05/23/2020,10/30/2020
Region3,2020-06-15,45.0,25.0,17.0,2.0,7.53732,4.1874,2.84743,0.33499,3.76866,2.0937,1.42372,0.1675,04/17/2020,05/09/2020,05/23/2020,10/30/2020
Region3,2020-06-16,46.0,26.0,16.0,2.0,7.70482,4.3549,2.67994,0.33499,3.85241,2.17745,1.33997,0.1675,04/17/2020,05/09/2020,05/23/2020,10/30/2020
Region3,2020-06-17,48.0,26.0,16.0,2.0,8.03981,4.3549,2.67994,0.33499,4.0199,2.17745,1.33997,0.1675,04/17/2020,05/09/2020,05/23/2020,10/30/2020
Region3,2020-06-18,49.0,27.0,16.0,2.0,8.20731,4.52239,2.67994,0.33499,4.10365,2.2612,1.33997,0.1675,04/17/2020,05/09/2020,05/23/2020,10/30/2020
Region3,2020-06-19,51.0,28.0,16.0,2.0,8.5423,4.68989,2.67994,0.33499,4.27115,2.34494,1.33997,0.1675,04/17/2020,05/09/2020,05/23/2020,10/30/2020
Region3,2020-06-20,52.0,28.0,16.0,2.0,8.70979,4.68989,2.67994,0.33499,4.3549,2.34494,1.33997,0.1675,04/17/2020,05/09/2020,05/23/2020,10/30/2020
Region3,2020-06-21,54.0,29.0,15.0,1.0,9.04479,4.85739,2.51244,0.1675,4.52239,2.42869,1.25622,0.08375,04/17/2020,05/09/2020,05/23/2020,10/30/2020
Region3,2020-06-22,55.0,30.0,15.0,1.0,9.21228,5.02488,2.51244,0.1675,4.60614,2.51244,1.25622,0.08375,04/17/2020,05/09/2020,05/23/2020,10/30/2020
Region3,2020-06-23,56.0,31.0,15.0,1.0,9.37978,5.19238,2.51244,0.1675,4.68989,2.59619,1.25622,0.08375,04/17/2020,05/09/2020,05/23/2020,10/30/2020
Region3,2020-06-24,58.0,31.0,15.0,1.0,9.71477,5.19238,2.51244,0.1675,4.85739,2.59619,1.25622,0.08375,04/17/2020,05/09/2020,05/23/2020,10/30/2020
Region3,2020-06-25,59.0,32.0,14.0,1.0,9.88227,5.35987,2.34494,0.1675,4.94113,2.67994,1.17247,0.08375,04/17/2020,05/09/2020,05/23/2020,10/30/2020
Region3,2020-06-26,60.0,33.0,14.0,1.0,10.04976,5.52737,2.34494,0.1675,5.02488,2.76368,1.17247,0.08375,04/17/2020,05/09/2020,05/23/2020,10/30/2020
Region3,2020-06-27,61.0,34.0,14.0,1.0,10.21726,5.69487,2.34494,0.1675,5.10863,2.84743,1.17247,0.08375,04/17/2020,05/09/2020,05/23/2020,10/30/2020
Region3,2020-06-28,62.0,35.0,13.0,1.0,10.38475,5.86236,2.17745,0.1675,5.19238,2.93118,1.08872,0.08375,04/17/2020,05/09/2020,05/23/2020,10/30/2020
Region3,2020-06-29,63.0,36.0,13.0,1.0,10.55225,6.02986,2.17745,0.1675,5.27613,3.01493,1.08872,0.08375,04/17/2020,05/09/2020,05/23/2020,10/30/2020
Region3,2020-06-30,64.0,36.0,13.0,1.0,10.71975,6.02986,2.17745,0.1675,5.35987,3.01493,1.08872,0.08375,04/17/2020,05/09/2020,05/23/2020,10/30/2020
Region3,2020-07-01,64.0,37.0,13.0,1.0,10.71975,6.19735,2.17745,0.1675,5.35987,3.09868,1.08872,0.08375,04/17/2020,05/09/2020,05/23/2020,10/30/2020
Region3,2020-07-02,65.0,38.0,12.0,0.0,10.88724,6.36485,2.00995,0.0,5.44362,3.18242,1.00498,0.0,04/17/2020,05/09/2020,05/23/2020,10/30/2020
Region3,2020-07-03,65.0,39.0,12.0,0.0,10.88724,6.53235,2.00995,0.0,5.44362,3.26617,1.00498,0.0,04/17/2020,05/09/2020,05/23/2020,10/30/2020
Region3,2020-07-04,65.0,40.0,12.0,0.0,10.88724,6.69984,2.00995,0.0,5.44362,3.34992,1.00498,0.0,04/17/2020,05/09/2020,05/23/2020,10/30/2020
Region3,2020-07-05,65.0,41.0,12.0,0.0,10.88724,6.86734,2.00995,0.0,5.44362,3.43367,1.00498,0.0,04/17/2020,05/09/2020,05/23/2020,10/30/2020
Region3,2020-07-06,65.0,42.0,11.0,0.0,10.88724,7.03483,1.84246,0.0,5.44362,3.51742,0.92123,0.0,04/17/2020,05/09/2020,05/23/2020,10/30/2020
Region3,2020-07-07,65.0,43.0,11.0,0.0,10.88724,7.20233,1.84246,0.0,5.44362,3.60116,0.92123,0.0,04/17/2020,05/09/2020,05/23/2020,10/30/2020
Region3,2020-07-08,64.0,43.0,11.0,0.0,10.71975,7.20233,1.84246,0.0,5.35987,3.60116,0.92123,0.0,04/17/2020,05/09/2020,05/23/2020,10/30/2020
Region3,2020-07-09,64.0,44.0,10.0,0.0,10.71975,7.36983,1.67496,0.0,5.35987,3.68491,0.83748,0.0,04/17/2020,05/09/2020,05/23/2020,10/30/2020
Region4,2020-03-22,1.0,1.0,1.0,1.0,0.16392,0.16392,0.16392,0.16392,0.08196,0.08196,0.08196,0.08196,04/17/2020,05/09/2020,05/23/2020,10/30/2020
Region4,2020-03-23,2.0,2.0,2.0,2.0,0.32785,0.32785,0.32785,0.32785,0.16392,0.16392,0.16392,0.16392,04/17/2020,05/09/2020,05/23/2020,10/30/2020
Region4,2020-03-24,3.0,3.0,3.0,3.0,0.49177,0.49177,0.49177,0.49177,0.24589,0.24589,0.24589,0.24589,04/17/2020,05/09/2020,05/23/2020,10/30/2020
Region4,2020-03-25,3.0,3.0,3.0,3.0,0.49177,0.49177,0.49177,0.49177,0.24589,0.24589,0.24589,0.24589,04/17/2020,05/09/2020,05/23/2020,10/30/2020
Region4,2020-03-26,5.0,5.0,5.0,5.0,0.81962,0.81962,0.81962,0.81962,0.40981,0.40981,0.40981,0.40981,04/17/2020,05/09/2020,05/23/2020,10/30/2020
Region4,2020-03-27,6.0,6.0,6.0,6.0,0.98354,0.98354,0.98354,0.98354,0.49177,0.49177,0.49177,0.49177,04/17/2020,05/09/2020,05/23/2020,10/30/2020
Region4,2020-03-28,8.0,8.0,8.0,8.0,1.31139,1.31139,1.31139,1.31139,0.65569,0.65569,0.65569,0.65569,04/17/2020,05/09/2020,05/23/2020,10/30/2020
Region4,2020-03-29,9.0,9.0,9.0,9.0,1.47531,1.47531,1.47531,1.47531,0.73766,0.73766,0.73766,0.73766,04/17/2020,05/09/2020,05/23/2020,10/30/2020
Region4,2020-03-30,10.0,10.0,10.0,10.0,1.63923,1.63923,1.63923,1.63923,0.81962,0.81962,0.81962,0.81962,04/17/2020,05/09/2020,05/23/2020,10/30/2020
Region4,2020-03-31,10.0,10.0,10.0,10.0,1.63923,1.63923,1.63923,1.63923,0.81962,0.81962,0.81962,0.81962,04/17/2020,05/09/2020,05/23/2020,10/30/2020
Region4,2020-04-01,11.0,11.0,11.0,11.0,1.80316,1.80316,1.80316,1.80316,0.90158,0.90158,0.90158,0.90158,04/17/2020,05/09/2020,05/23/2020,10/30/2020
Region4,2020-04-02,12.0,12.0,12.0,12.0,1.96708,1.96708,1.96708,1.96708,0.98354,0.98354,0.98354,0.98354,04/17/2020,05/09/2020,05/23/2020,10/30/2020
Region4,2020-04-03,13.0,13.0,13.0,13.0,2.131,2.131,2.131,2.131,1.0655,1.0655,1.0655,1.0655,04/17/2020,05/09/2020,05/23/2020,10/30/2020
Region4,2020-04-04,14.0,14.0,14.0,14.0,2.29493,2.29493,2.29493,2.29493,1.14746,1.14746,1.14746,1.14746,04/17/2020,05/09/2020,05/23/2020,10/30/2020
Region4,2020-04-05,14.0,14.0,14.0,14.0,2.29493,2.29493,2.29493,2.29493,1.14746,1.14746,1.14746,1.14746,04/17/2020,05/09/2020,05/23/2020,10/30/2020
Region4,2020-04-06,14.0,14.0,14.0,14.0,2.29493,2.29493,2.29493,2.29493,1.14746,1.14746,1.14746,1.14746,04/17/2020,05/09/2020,05/23/2020,10/30/2020
Region4,2020-04-07,14.0,14.0,14.0,14.0,2.29493,2.29493,2.29493,2.29493,1.14746,1.14746,1.14746,1.14746,04/17/2020,05/09/2020,05/23/2020,10/30/2020
Region4,2020-04-08,15.0,15.0,15.0,15.0,2.45885,2.45885,2.45885,2.45885,1.22943,1.22943,1.22943,1.22943,04/17/2020,05/09/2020,05/23/2020,10/30/2020
Region4,2020-04-09,15.0,15.0,15.0,15.0,2.45885,2.45885,2.45885,2.45885,1.22943,1.22943,1.22943,1.22943,04/17/2020,05/09/2020,05/23/2020,10/30/2020
Region4,2020-04-10,16.0,16.0,16.0,16.0,2.62277,2.62277,2.62277,2.62277,1.31139,1.31139,1.31139,1.31139,04/17/2020,05/09/2020,05/23/2020,10/30/2020
Region4,2020-04-11,15.0,15.0,15.0,15.0,2.45885,2.45885,2.45885,2.45885,1.22943,1.22943,1.22943,1.22943,04/17/2020,05/09/2020,05/23/2020,10/30/2020
Region4,2020-04-12,16.0,16.0,16.0,16.0,2.62277,2.62277,2.62277,2.62277,1.31139,1.31139,1.31139,1.31139,04/17/2020,05/09/2020,05/23/2020,10/30/2020
Region4,2020-04-13,15.0,15.0,15.0,15.0,2.45885,2.45885,2.45885,2.45885,1.22943,1.22943,1.22943,1.22943,04/17/2020,05/09/2020,05/23/2020,10/30/2020
Region4,2020-04-14,15.0,15.0,15.0,15.0,2.45885,2.45885,2.45885,2.45885,1.22943,1.22943,1.22943,1.22943,04/17/2020,05/09/2020,05/23/2020,10/30/2020
Region4,2020-04-15,15.0,15.0,15.0,15.0,2.45885,2.45885,2.45885,2.45885,1.22943,1.22943,1.22943,1.22943,04/17/2020,05/09/2020,05/23/2020,10/30/2020
Region4,2020-04-16,15.0,15.0,15.0,15.0,2.45885,2.45885,2.45885,2.45885,1.22943,1.22943,1.22943,1.22943,04/17/2020,05/09/2020,05/23/2020,10/30/2020
Region4,2020-04-17,15.0,15.0,15.0,15.0,2.45885,2.45885,2.45885,2.45885,1.22943,1.22943,1.22943,1.22943,04/17/2020,05/09/2020,05/23/2020,10/30/2020
Region4,2020-04-18,15.0,15.0,15.0,15.0,2.45885,2.45885,2.45885,2.45885,1.22943,1.22943,1.22943,1.22943,04/17/2020,05/09/2020,05/23/2020,10/30/2020
Region4,2020-04-19,15.0,15.0,15.0,15.0,2.45885,2.45885,2.45885,2.45885,1.22943,1.22943,1.22943,1.22943,04/17/2020,05/09/2020,05/23/2020,10/30/2020
Region4,2020-04-20,15.0,15.0,15.0,15.0,2.45885,2.45885,2.45885,2.45885,1.22943,1.22943,1.22943,1.22943,04/17/2020,05/09/2020,05/23/2020,10/30/2020
Region4,2020-04-21,15.0,15.0,15.0,14.0,2.45885,2.45885,2.45885,2.29493,1.22943,1.22943,1.22943,1.14746,04/17/2020,05/09/2020,05/23/2020,10/30/2020
Region4,2020-04-22,14.0,14.0,14.0,14.0,2.29493,2.29493,2.29493,2.29493,1.14746,1.14746,1.14746,1.14746,04/17/2020,05/09/2020,05/23/2020,10/30/2020
Region4,2020-04-23,14.0,14.0,14.0,14.0,2.29493,2.29493,2.29493,2.29493,1.14746,1.14746,1.14746,1.14746,04/17/2020,05/09/2020,05/23/2020,10/30/2020
Region4,2020-04-24,14.0,14.0,14.0,14.0,2.29493,2.29493,2.29493,2.29493,1.14746,1.14746,1.14746,1.14746,04/17/2020,05/09/2020,05/23/2020,10/30/2020
Region4,2020-04-25,14.0,14.0,14.0,13.0,2.29493,2.29493,2.29493,2.131,1.14746,1.14746,1.14746,1.0655,04/17/2020,05/09/2020,05/23/2020,10/30/2020
Region4,2020-04-26,14.0,14.0,14.0,13.0,2.29493,2.29493,2.29493,2.131,1.14746,1.14746,1.14746,1.0655,04/17/2020,05/09/2020,05/23/2020,10/30/2020
Region4,2020-04-27,13.0,13.0,13.0,13.0,2.131,2.131,2.131,2.131,1.0655,1.0655,1.0655,1.0655,04/17/2020,05/09/2020,05/23/2020,10/30/2020
Region4,2020-04-28,13.0,13.0,13.0,12.0,2.131,2.131,2.131,1.96708,1.0655,1.0655,1.0655,0.98354,04/17/2020,05/09/2020,05/23/2020,10/30/2020
Region4,2020-04-29,13.0,13.0,13.0,12.0,2.131,2.131,2.131,1.96708,1.0655,1.0655,1.0655,0.98354,04/17/2020,05/09/2020,05/23/2020,10/30/2020
Region4,2020-04-30,13.0,13.0,13.0,12.0,2.131,2.131,2.131,1.96708,1.0655,1.0655,1.0655,0.98354,04/17/2020,05/09/2020,05/23/2020,10/30/2020
Region4,2020-05-01,13.0,13.0,13.0,11.0,2.131,2.131,2.131,1.80316,1.0655,1.0655,1.0655,0.90158,04/17/2020,05/09/2020,05/23/2020,10/30/2020
Region4,2020-05-02,13.0,13.0,13.0,11.0,2.131,2.131,2.131,1.80316,1.0655,1.0655,1.0655,0.90158,04/17/2020,05/09/2020,05/23/2020,10/30/2020
Region4,2020-05-03,12.0,12.0,12.0,11.0,1.96708,1.96708,1.96708,1.80316,0.98354,0.98354,0.98354,0.90158,04/17/2020,05/09/2020,05/23/2020,10/30/2020
Region4,2020-05-04,12.0,12.0,12.0,10.0,1.96708,1.96708,1.96708,1.63923,0.98354,0.98354,0.98354,0.81962,04/17/2020,05/09/2020,05/23/2020,10/30/2020
Region4,2020-05-05,12.0,12.0,12.0,10.0,1.96708,1.96708,1.96708,1.63923,0.98354,0.98354,0.98354,0.81962,04/17/2020,05/09/2020,05/23/2020,10/30/2020
Region4,2020-05-06,12.0,12.0,12.0,10.0,1.96708,1.96708,1.96708,1.63923,0.98354,0.98354,0.98354,0.81962,04/17/2020,05/09/2020,05/23/2020,10/30/2020
Region4,2020-05-07,12.0,12.0,12.0,9.0,1.96708,1.96708,1.96708,1.47531,0.98354,0.98354,0.98354,0.73766,04/17/2020,05/09/2020,05/23/2020,10/30/2020
Region4,2020-05-08,12.0,12.0,12.0,9.0,1.96708,1.96708,1.96708,1.47531,0.98354,0.98354,0.98354,0.73766,04/17/2020,05/09/2020,05/23/2020,10/30/2020
Region4,2020-05-09,11.0,11.0,11.0,9.0,1.80316,1.80316,1.80316,1.47531,0.90158,0.90158,0.90158,0.73766,04/17/2020,05/09/2020,05/23/2020,10/30/2020
Region4,2020-05-10,11.0,11.0,11.0,8.0,1.80316,1.80316,1.80316,1.31139,0.90158,0.90158,0.90158,0.65569,04/17/2020,05/09/2020,05/23/2020,10/30/2020
Region4,2020-05-11,11.0,11.0,11.0,8.0,1.80316,1.80316,1.80316,1.31139,0.90158,0.90158,0.90158,0.65569,04/17/2020,05/09/2020,05/23/2020,10/30/2020
Region4,2020-05-12,11.0,11.0,11.0,8.0,1.80316,1.80316,1.80316,1.31139,0.90158,0.90158,0.90158,0.65569,04/17/2020,05/09/2020,05/23/2020,10/30/2020
Region4,2020-05-13,11.0,10.0,10.0,7.0,1.80316,1.63923,1.63923,1.14746,0.90158,0.81962,0.81962,0.57373,04/17/2020,05/09/2020,05/23/2020,10/30/2020
Region4,2020-05-14,11.0,10.0,10.0,7.0,1.80316,1.63923,1.63923,1.14746,0.90158,0.81962,0.81962,0.57373,04/17/2020,05/09/2020,05/23/2020,10/30/2020
Region4,2020-05-15,10.0,10.0,10.0,6.0,1.63923,1.63923,1.63923,0.98354,0.81962,0.81962,0.81962,0.49177,04/17/2020,05/09/2020,05/23/2020,10/30/2020
Region4,2020-05-16,10.0,10.0,10.0,6.0,1.63923,1.63923,1.63923,0.98354,0.81962,0.81962,0.81962,0.49177,04/17/2020,05/09/2020,05/23/2020,10/30/2020
Region4,2020-05-17,10.0,10.0,10.0,6.0,1.63923,1.63923,1.63923,0.98354,0.81962,0.81962,0.81962,0.49177,04/17/2020,05/09/2020,05/23/2020,10/30/2020
Region4,2020-05-18,10.0,9.0,9.0,5.0,1.63923,1.47531,1.47531,0.81962,0.81962,0.73766,0.73766,0.40981,04/17/2020,05/09/2020,05/23/2020,10/30/2020
Region4,2020-05-19,10.0,9.0,9.0,5.0,1.63923,1.47531,1.47531,0.81962,0.81962,0.73766,0.73766,0.40981,04/17/2020,05/09/2020,05/23/2020,10/30/2020
Region4,2020-05-20,10.0,9.0,9.0,5.0,1.63923,1.47531,1.47531,0.81962,0.81962,0.73766,0.73766,0.40981,04/17/2020,05/09/2020,05/23/2020,10/30/2020
Region4,2020-05-21,10.0,9.0,9.0,5.0,1.63923,1.47531,1.47531,0.81962,0.81962,0.73766,0.73766,0.40981,04/17/2020,05/09/2020,05/23/2020,10/30/2020
Region4,2020-05-22,10.0,9.0,9.0,4.0,1.63923,1.47531,1.47531,0.65569,0.81962,0.73766,0.73766,0.32785,04/17/2020,05/09/2020,05/23/2020,10/30/2020
Region4,2020-05-23,10.0,9.0,9.0,4.0,1.63923,1.47531,1.47531,0.65569,0.81962,0.73766,0.73766,0.32785,04/17/2020,05/09/2020,05/23/2020,10/30/2020
Region4,2020-05-24,10.0,8.0,8.0,4.0,1.63923,1.31139,1.31139,0.65569,0.81962,0.65569,0.65569,0.32785,04/17/2020,05/09/2020,05/23/2020,10/30/2020
Region4,2020-05-25,10.0,8.0,8.0,4.0,1.63923,1.31139,1.31139,0.65569,0.81962,0.65569,0.65569,0.32785,04/17/2020,05/09/2020,05/23/2020,10/30/2020
Region4,2020-05-26,10.0,8.0,8.0,3.0,1.63923,1.31139,1.31139,0.49177,0.81962,0.65569,0.65569,0.24589,04/17/2020,05/09/2020,05/23/2020,10/30/2020
Region4,2020-05-27,10.0,8.0,8.0,3.0,1.63923,1.31139,1.31139,0.49177,0.81962,0.65569,0.65569,0.24589,04/17/2020,05/09/2020,05/23/2020,10/30/2020
Region4,2020-05-28,10.0,8.0,8.0,3.0,1.63923,1.31139,1.31139,0.49177,0.81962,0.65569,0.65569,0.24589,04/17/2020,05/09/2020,05/23/2020,10/30/2020
Region4,2020-05-29,10.0,8.0,8.0,3.0,1.63923,1.31139,1.31139,0.49177,0.81962,0.65569,0.65569,0.24589,04/17/2020,05/09/2020,05/23/2020,10/30/2020
Region4,2020-05-30,11.0,8.0,7.0,2.0,1.80316,1.31139,1.14746,0.32785,0.90158,0.65569,0.57373,0.16392,04/17/2020,05/09/2020,05/23/2020,10/30/2020
Region4,2020-05-31,11.0,7.0,7.0,2.0,1.80316,1.14746,1.14746,0.32785,0.90158,0.57373,0.57373,0.16392,04/17/2020,05/09/2020,05/23/2020,10/30/2020
Region4,2020-06-01,11.0,7.0,7.0,2.0,1.80316,1.14746,1.14746,0.32785,0.90158,0.57373,0.57373,0.16392,04/17/2020,05/09/2020,05/23/2020,10/30/2020
Region4,2020-06-02,11.0,7.0,7.0,2.0,1.80316,1.14746,1.14746,0.32785,0.90158,0.57373,0.57373,0.16392,04/17/2020,05/09/2020,05/23/2020,10/30/2020
Region4,2020-06-03,11.0,7.0,7.0,2.0,1.80316,1.14746,1.14746,0.32785,0.90158,0.57373,0.57373,0.16392,04/17/2020,05/09/2020,05/23/2020,10/30/2020
Region4,2020-06-04,11.0,7.0,6.0,2.0,1.80316,1.14746,0.98354,0.32785,0.90158,0.57373,0.49177,0.16392,04/17/2020,05/09/2020,05/23/2020,10/30/2020
Region4,2020-06-05,12.0,7.0,6.0,1.0,1.96708,1.14746,0.98354,0.16392,0.98354,0.57373,0.49177,0.08196,04/17/2020,05/09/2020,05/23/2020,10/30/2020
Region4,2020-06-06,12.0,7.0,6.0,1.0,1.96708,1.14746,0.98354,0.16392,0.98354,0.57373,0.49177,0.08196,04/17/2020,05/09/2020,05/23/2020,10/30/2020
Region4,2020-06-07,12.0,7.0,6.0,1.0,1.96708,1.14746,0.98354,0.16392,0.98354,0.57373,0.49177,0.08196,04/17/2020,05/09/2020,05/23/2020,10/30/2020
Region4,2020-06-08,12.0,7.0,6.0,1.0,1.96708,1.14746,0.98354,0.16392,0.98354,0.57373,0.49177,0.08196,04/17/2020,05/09/2020,05/23/2020,10/30/2020
Region4,2020-06-09,13.0,7.0,6.0,1.0,2.131,1.14746,0.98354,0.16392,1.0655,0.57373,0.49177,0.08196,04/17/2020,05/09/2020,05/23/2020,10/30/2020
Region4,2020-06-10,13.0,7.0,5.0,1.0,2.131,1.14746,0.81962,0.16392,1.0655,0.57373,0.40981,0.08196,04/17/2020,05/09/2020,05/23/2020,10/30/2020
Region4,2020-06-11,13.0,7.0,5.0,1.0,2.131,1.14746,0.81962,0.16392,1.0655,0.57373,0.40981,0.08196,04/17/2020,05/09/2020,05/23/2020,10/30/2020
Region4,2020-06-12,14.0,7.0,5.0,1.0,2.29493,1.14746,0.81962,0.16392,1.14746,0.57373,0.40981,0.08196,04/17/2020,05/09/2020,05/23/2020,10/30/2020
Region4,2020-06-13,14.0,7.0,5.0,1.0,2.29493,1.14746,0.81962,0.16392,1.14746,0.57373,0.40981,0.08196,04/17/2020,05/09/2020,05/23/2020,10/30/2020
Region4,2020-06-14,15.0,7.0,5.0,1.0,2.45885,1.14746,0.81962,0.16392,1.22943,0.57373,0.40981,0.08196,04/17/2020,05/09/2020,05/23/2020,10/30/2020
Region4,2020-06-15,15.0,7.0,5.0,1.0,2.45885,1.14746,0.81962,0.16392,1.22943,0.57373,0.40981,0.08196,04/17/2020,05/09/2020,05/23/2020,10/30/2020
Region4,2020-06-16,16.0,8.0,4.0,1.0,2.62277,1.31139,0.65569,0.16392,1.31139,0.65569,0.32785,0.08196,04/17/2020,05/09/2020,05/23/2020,10/30/2020
Region4,2020-06-17,16.0,8.0,4.0,0.0,2.62277,1.31139,0.65569,0.0,1.31139,0.65569,0.32785,0.0,04/17/2020,05/09/2020,05/23/2020,10/30/2020
Region4,2020-06-18,17.0,8.0,4.0,0.0,2.7867,1.31139,0.65569,0.0,1.39335,0.65569,0.32785,0.0,04/17/2020,05/09/2020,05/23/2020,10/30/2020
Region4,2020-06-19,18.0,8.0,4.0,0.0,2.95062,1.31139,0.65569,0.0,1.47531,0.65569,0.32785,0.0,04/17/2020,05/09/2020,05/23/2020,10/30/2020
Region4,2020-06-20,18.0,8.0,4.0,0.0,2.95062,1.31139,0.65569,0.0,1.47531,0.65569,0.32785,0.0,04/17/2020,05/09/2020,05/23/2020,10/30/2020
Region4,2020-06-21,19.0,8.0,4.0,0.0,3.11454,1.31139,0.65569,0.0,1.55727,0.65569,0.32785,0.0,04/17/2020,05/09/2020,05/23/2020,10/30/2020
Region4,2020-06-22,20.0,8.0,4.0,0.0,3.27847,1.31139,0.65569,0.0,1.63923,0.65569,0.32785,0.0,04/17/2020,05/09/2020,05/23/2020,10/30/2020
Region4,2020-06-23,21.0,9.0,4.0,0.0,3.44239,1.47531,0.65569,0.0,1.7212,0.73766,0.32785,0.0,04/17/2020,05/09/2020,05/23/2020,10/30/2020
Region4,2020-06-24,22.0,9.0,4.0,0.0,3.60632,1.47531,0.65569,0.0,1.80316,0.73766,0.32785,0.0,04/17/2020,05/09/2020,05/23/2020,10/30/2020
Region4,2020-06-25,23.0,9.0,4.0,0.0,3.77024,1.47531,0.65569,0.0,1.88512,0.73766,0.32785,0.0,04/17/2020,05/09/2020,05/23/2020,10/30/2020
Region4,2020-06-26,24.0,9.0,3.0,0.0,3.93416,1.47531,0.49177,0.0,1.96708,0.73766,0.24589,0.0,04/17/2020,05/09/2020,05/23/2020,10/30/2020
Region4,2020-06-27,25.0,10.0,3.0,0.0,4.09809,1.63923,0.49177,0.0,2.04904,0.81962,0.24589,0.0,04/17/2020,05/09/2020,05/23/2020,10/30/2020
Region4,2020-06-28,26.0,10.0,3.0,0.0,4.26201,1.63923,0.49177,0.0,2.131,0.81962,0.24589,0.0,04/17/2020,05/09/2020,05/23/2020,10/30/2020
Region4,2020-06-29,28.0,10.0,3.0,0.0,4.58986,1.63923,0.49177,0.0,2.29493,0.81962,0.24589,0.0,04/17/2020,05/09/2020,05/23/2020,10/30/2020
Region4,2020-06-30,29.0,11.0,3.0,0.0,4.75378,1.80316,0.49177,0.0,2.37689,0.90158,0.24589,0.0,04/17/2020,05/09/2020,05/23/2020,10/30/2020
Region4,2020-07-01,30.0,11.0,3.0,0.0,4.9177,1.80316,0.49177,0.0,2.45885,0.90158,0.24589,0.0,04/17/2020,05/09/2020,05/23/2020,10/30/2020
Region4,2020-07-02,32.0,12.0,3.0,0.0,5.24555,1.96708,0.49177,0.0,2.62277,0.98354,0.24589,0.0,04/17/2020,05/09/2020,05/23/2020,10/30/2020
Region4,2020-07-03,34.0,12.0,3.0,0.0,5.5734,1.96708,0.49177,0.0,2.7867,0.98354,0.24589,0.0,04/17/2020,05/09/2020,05/23/2020,10/30/2020
Region4,2020-07-04,35.0,13.0,3.0,0.0,5.73732,2.131,0.49177,0.0,2.86866,1.0655,0.24589,0.0,04/17/2020,05/09/2020,05/23/2020,10/30/2020
Region4,2020-07-05,37.0,13.0,3.0,0.0,6.06517,2.131,0.49177,0.0,3.03258,1.0655,0.24589,0.0,04/17/2020,05/09/2020,05/23/2020,10/30/2020
Region4,2020-07-06,39.0,14.0,3.0,0.0,6.39301,2.29493,0.49177,0.0,3.19651,1.14746,0.24589,0.0,04/17/2020,05/09/2020,05/23/2020,10/30/2020
Region4,2020-07-07,41.0,14.0,2.0,0.0,6.72086,2.29493,0.32785,0.0,3.36043,1.14746,0.16392,0.0,04/17/2020,05/09/2020,05/23/2020,10/30/2020
Region4,2020-07-08,43.0,15.0,2.0,0.0,7.04871,2.45885,0.32785,0.0,3.52435,1.22943,0.16392,0.0,04/17/2020,05/09/2020,05/23/2020,10/30/2020
Region4,2020-07-09,46.0,16.0,2.0,0.0,7.54048,2.62277,0.32785,0.0,3.77024,1.31139,0.16392,0.0,04/17/2020,05/09/2020,05/23/2020,10/30/2020
Region5,2020-03-22,1.0,1.0,1.0,1.0,0.16891,0.16891,0.16891,0.16891,0.08445,0.08445,0.08445,0.08445,04/17/2020,05/09/2020,05/23/2020,10/30/2020
Region5,2020-03-23,1.0,1.0,1.0,1.0,0.16891,0.16891,0.16891,0.16891,0.08445,0.08445,0.08445,0.08445,04/17/2020,05/09/2020,05/23/2020,10/30/2020
Region5,2020-03-24,1.0,1.0,1.0,1.0,0.16891,0.16891,0.16891,0.16891,0.08445,0.08445,0.08445,0.08445,04/17/2020,05/09/2020,05/23/2020,10/30/2020
Region5,2020-03-25,1.0,1.0,1.0,1.0,0.16891,0.16891,0.16891,0.16891,0.08445,0.08445,0.08445,0.08445,04/17/2020,05/09/2020,05/23/2020,10/30/2020
Region5,2020-03-26,1.0,1.0,1.0,1.0,0.16891,0.16891,0.16891,0.16891,0.08445,0.08445,0.08445,0.08445,04/17/2020,05/09/2020,05/23/2020,10/30/2020
Region5,2020-03-27,2.0,2.0,2.0,2.0,0.33781,0.33781,0.33781,0.33781,0.16891,0.16891,0.16891,0.16891,04/17/2020,05/09/2020,05/23/2020,10/30/2020
Region5,2020-03-28,2.0,2.0,2.0,2.0,0.33781,0.33781,0.33781,0.33781,0.16891,0.16891,0.16891,0.16891,04/17/2020,05/09/2020,05/23/2020,10/30/2020
Region5,2020-03-29,3.0,3.0,3.0,3.0,0.50672,0.50672,0.50672,0.50672,0.25336,0.25336,0.25336,0.25336,04/17/2020,05/09/2020,05/23/2020,10/30/2020
Region5,2020-03-30,3.0,3.0,3.0,3.0,0.50672,0.50672,0.50672,0.50672,0.25336,0.25336,0.25336,0.25336,04/17/2020,05/09/2020,05/23/2020,10/30/2020
Region5,2020-03-31,3.0,3.0,3.0,3.0,0.50672,0.50672,0.50672,0.50672,0.25336,0.25336,0.25336,0.25336,04/17/2020,05/09/2020,05/23/2020,10/30/2020
Region5,2020-04-01,4.0,4.0,4.0,4.0,0.67562,0.67562,0.67562,0.67562,0.33781,0.33781,0.33781,0.33781,04/17/2020,05/09/2020,05/23/2020,10/30/2020
Region5,2020-04-02,4.0,4.0,4.0,4.0,0.67562,0.67562,0.67562,0.67562,0.33781,0.33781,0.33781,0.33781,04/17/2020,05/09/2020,05/23/2020,10/30/2020
Region5,2020-04-03,4.0,4.0,4.0,4.0,0.67562,0.67562,0.67562,0.67562,0.33781,0.33781,0.33781,0.33781,04/17/2020,05/09/2020,05/23/2020,10/30/2020
Region5,2020-04-04,5.0,5.0,5.0,5.0,0.84453,0.84453,0.84453,0.84453,0.42226,0.42226,0.42226,0.42226,04/17/2020,05/09/2020,05/23/2020,10/30/2020
Region5,2020-04-05,5.0,5.0,5.0,5.0,0.84453,0.84453,0.84453,0.84453,0.42226,0.42226,0.42226,0.42226,04/17/2020,05/09/2020,05/23/2020,10/30/2020
Region5,2020-04-06,6.0,6.0,6.0,6.0,1.01343,1.01343,1.01343,1.01343,0.50672,0.50672,0.50672,0.50672,04/17/2020,05/09/2020,05/23/2020,10/30/2020
Region5,2020-04-07,6.0,6.0,6.0,6.0,1.01343,1.01343,1.01343,1.01343,0.50672,0.50672,0.50672,0.50672,04/17/2020,05/09/2020,05/23/2020,10/30/2020
Region5,2020-04-08,6.0,6.0,6.0,6.0,1.01343,1.01343,1.01343,1.01343,0.50672,0.50672,0.50672,0.50672,04/17/2020,05/09/2020,05/23/2020,10/30/2020
Region5,2020-04-09,7.0,7.0,7.0,7.0,1.18234,1.18234,1.18234,1.18234,0.59117,0.59117,0.59117,0.59117,04/17/2020,05/09/2020,05/23/2020,10/30/2020
Region5,2020-04-10,7.0,7.0,7.0,7.0,1.18234,1.18234,1.18234,1.18234,0.59117,0.59117,0.59117,0.59117,04/17/2020,05/09/2020,05/23/2020,10/30/2020
Region5,2020-04-11,7.0,7.0,7.0,7.0,1.18234,1.18234,1.18234,1.18234,0.59117,0.59117,0.59117,0.59117,04/17/2020,05/09/2020,05/23/2020,10/30/2020
Region5,2020-04-12,7.0,7.0,7.0,7.0,1.18234,1.18234,1.18234,1.18234,0.59117,0.59117,0.59117,0.59117,04/17/2020,05/09/2020,05/23/2020,10/30/2020
Region5,2020-04-13,8.0,8.0,8.0,8.0,1.35125,1.35125,1.35125,1.35125,0.67562,0.67562,0.67562,0.67562,04/17/2020,05/09/2020,05/23/2020,10/30/2020
Region5,2020-04-14,8.0,8.0,8.0,8.0,1.35125,1.35125,1.35125,1.35125,0.67562,0.67562,0.67562,0.67562,04/17/2020,05/09/2020,05/23/2020,10/30/2020
Region5,2020-04-15,8.0,8.0,8.0,8.0,1.35125,1.35125,1.35125,1.35125,0.67562,0.67562,0.67562,0.67562,04/17/2020,05/09/2020,05/23/2020,10/30/2020
Region5,2020-04-16,8.0,8.0,8.0,8.0,1.35125,1.35125,1.35125,1.35125,0.67562,0.67562,0.67562,0.67562,04/17/2020,05/09/2020,05/23/2020,10/30/2020
Region5,2020-04-17,8.0,8.0,8.0,8.0,1.35125,1.35125,1.35125,1.35125,0.67562,0.67562,0.67562,0.67562,04/17/2020,05/09/2020,05/23/2020,10/30/2020
Region5,2020-04-18,8.0,8.0,8.0,8.0,1.35125,1.35125,1.35125,1.35125,0.67562,0.67562,0.67562,0.67562,04/17/2020,05/09/2020,05/23/2020,10/30/2020
Region5,2020-04-19,8.0,8.0,8.0,8.0,1.35125,1.35125,1.35125,1.35125,0.67562,0.67562,0.67562,0.67562,04/17/2020,05/09/2020,05/23/2020,10/30/2020
Region5,2020-04-20,9.0,9.0,9.0,9.0,1.52015,1.52015,1.52015,1.52015,0.76008,0.76008,0.76008,0.76008,04/17/2020,05/09/2020,05/23/2020,10/30/2020
Region5,2020-04-21,9.0,9.0,9.0,9.0,1.52015,1.52015,1.52015,1.52015,0.76008,0.76008,0.76008,0.76008,04/17/2020,05/09/2020,05/23/2020,10/30/2020
Region5,2020-04-22,9.0,9.0,9.0,9.0,1.52015,1.52015,1.52015,1.52015,0.76008,0.76008,0.76008,0.76008,04/17/2020,05/09/2020,05/23/2020,10/30/2020
Region5,2020-04-23,9.0,9.0,9.0,9.0,1.52015,1.52015,1.52015,1.52015,0.76008,0.76008,0.76008,0.76008,04/17/2020,05/09/2020,05/23/2020,10/30/2020
Region5,2020-04-24,9.0,9.0,9.0,9.0,1.52015,1.52015,1.52015,1.52015,0.76008,0.76008,0.76008,0.76008,04/17/2020,05/09/2020,05/23/2020,10/30/2020
Region5,2020-04-25,9.0,9.0,9.0,9.0,1.52015,1.52015,1.52015,1.52015,0.76008,0.76008,0.76008,0.76008,04/17/2020,05/09/2020,05/23/2020,10/30/2020
Region5,2020-04-26,10.0,10.0,10.0,9.0,1.68906,1.68906,1.68906,1.52015,0.84453,0.84453,0.84453,0.76008,04/17/2020,05/09/2020,05/23/2020,10/30/2020
Region5,2020-04-27,10.0,10.0,10.0,9.0,1.68906,1.68906,1.68906,1.52015,0.84453,0.84453,0.84453,0.76008,04/17/2020,05/09/2020,05/23/2020,10/30/2020
Region5,2020-04-28,10.0,10.0,10.0,9.0,1.68906,1.68906,1.68906,1.52015,0.84453,0.84453,0.84453,0.76008,04/17/2020,05/09/2020,05/23/2020,10/30/2020
Region5,2020-04-29,10.0,10.0,10.0,9.0,1.68906,1.68906,1.68906,1.52015,0.84453,0.84453,0.84453,0.76008,04/17/2020,05/09/2020,05/23/2020,10/30/2020
Region5,2020-04-30,10.0,10.0,10.0,9.0,1.68906,1.68906,1.68906,1.52015,0.84453,0.84453,0.84453,0.76008,04/17/2020,05/09/2020,05/23/2020,10/30/2020
Region5,2020-05-01,11.0,11.0,11.0,9.0,1.85796,1.85796,1.85796,1.52015,0.92898,0.92898,0.92898,0.76008,04/17/2020,05/09/2020,05/23/2020,10/30/2020
Region5,2020-05-02,11.0,11.0,11.0,9.0,1.85796,1.85796,1.85796,1.52015,0.92898,0.92898,0.92898,0.76008,04/17/2020,05/09/2020,05/23/2020,10/30/2020
Region5,2020-05-03,11.0,11.0,11.0,9.0,1.85796,1.85796,1.85796,1.52015,0.92898,0.92898,0.92898,0.76008,04/17/2020,05/09/2020,05/23/2020,10/30/2020
Region5,2020-05-04,11.0,11.0,11.0,9.0,1.85796,1.85796,1.85796,1.52015,0.92898,0.92898,0.92898,0.76008,04/17/2020,05/09/2020,05/23/2020,10/30/2020
Region5,2020-05-05,11.0,11.0,11.0,9.0,1.85796,1.85796,1.85796,1.52015,0.92898,0.92898,0.92898,0.76008,04/17/2020,05/09/2020,05/23/2020,10/30/2020
Region5,2020-05-06,11.0,11.0,11.0,9.0,1.85796,1.85796,1.85796,1.52015,0.92898,0.92898,0.92898,0.76008,04/17/2020,05/09/2020,05/23/2020,10/30/2020
Region5,2020-05-07,12.0,12.0,12.0,9.0,2.02687,2.02687,2.02687,1.52015,1.01343,1.01343,1.01343,0.76008,04/17/2020,05/09/2020,05/23/2020,10/30/2020
Region5,2020-05-08,12.0,12.0,12.0,9.0,2.02687,2.02687,2.02687,1.52015,1.01343,1.01343,1.01343,0.76008,04/17/2020,05/09/2020,05/23/2020,10/30/2020
Region5,2020-05-09,12.0,12.0,12.0,9.0,2.02687,2.02687,2.02687,1.52015,1.01343,1.01343,1.01343,0.76008,04/17/2020,05/09/2020,05/23/2020,10/30/2020
Region5,2020-05-10,12.0,12.0,12.0,9.0,2.02687,2.02687,2.02687,1.52015,1.01343,1.01343,1.01343,0.76008,04/17/2020,05/09/2020,05/23/2020,10/30/2020
Region5,2020-05-11,12.0,12.0,12.0,8.0,2.02687,2.02687,2.02687,1.35125,1.01343,1.01343,1.01343,0.67562,04/17/2020,05/09/2020,05/23/2020,10/30/2020
Region5,2020-05-12,13.0,13.0,13.0,8.0,2.19577,2.19577,2.19577,1.35125,1.09789,1.09789,1.09789,0.67562,04/17/2020,05/09/2020,05/23/2020,10/30/2020
Region5,2020-05-13,13.0,13.0,13.0,8.0,2.19577,2.19577,2.19577,1.35125,1.09789,1.09789,1.09789,0.67562,04/17/2020,05/09/2020,05/23/2020,10/30/2020
Region5,2020-05-14,13.0,13.0,13.0,8.0,2.19577,2.19577,2.19577,1.35125,1.09789,1.09789,1.09789,0.67562,04/17/2020,05/09/2020,05/23/2020,10/30/2020
Region5,2020-05-15,13.0,13.0,13.0,8.0,2.19577,2.19577,2.19577,1.35125,1.09789,1.09789,1.09789,0.67562,04/17/2020,05/09/2020,05/23/2020,10/30/2020
Region5,2020-05-16,14.0,13.0,13.0,7.0,2.36468,2.19577,2.19577,1.18234,1.18234,1.09789,1.09789,0.59117,04/17/2020,05/09/2020,05/23/2020,10/30/2020
Region5,2020-05-17,14.0,13.0,13.0,7.0,2.36468,2.19577,2.19577,1.18234,1.18234,1.09789,1.09789,0.59117,04/17/2020,05/09/2020,05/23/2020,10/30/2020
Region5,2020-05-18,14.0,13.0,13.0,7.0,2.36468,2.19577,2.19577,1.18234,1.18234,1.09789,1.09789,0.59117,04/17/2020,05/09/2020,05/23/2020,10/30/2020
Region5,2020-05-19,15.0,13.0,13.0,7.0,2.53359,2.19577,2.19577,1.18234,1.26679,1.09789,1.09789,0.59117,04/17/2020,05/09/2020,05/23/2020,10/30/2020
Region5,2020-05-20,15.0,13.0,13.0,7.0,2.53359,2.19577,2.19577,1.18234,1.26679,1.09789,1.09789,0.59117,04/17/2020,05/09/2020,05/23/2020,10/30/2020
Region5,2020-05-21,15.0,14.0,14.0,7.0,2.53359,2.36468,2.36468,1.18234,1.26679,1.18234,1.18234,0.59117,04/17/2020,05/09/2020,05/23/2020,10/30/2020
Region5,2020-05-22,16.0,14.0,14.0,6.0,2.70249,2.36468,2.36468,1.01343,1.35125,1.18234,1.18234,0.50672,04/17/2020,05/09/2020,05/23/2020,10/30/2020
Region5,2020-05-23,16.0,14.0,14.0,6.0,2.70249,2.36468,2.36468,1.01343,1.35125,1.18234,1.18234,0.50672,04/17/2020,05/09/2020,05/23/2020,10/30/2020
Region5,2020-05-24,17.0,14.0,14.0,6.0,2.8714,2.36468,2.36468,1.01343,1.4357,1.18234,1.18234,0.50672,04/17/2020,05/09/2020,05/23/2020,10/30/2020
Region5,2020-05-25,17.0,14.0,14.0,6.0,2.8714,2.36468,2.36468,1.01343,1.4357,1.18234,1.18234,0.50672,04/17/2020,05/09/2020,05/23/2020,10/30/2020
Region5,2020-05-26,18.0,14.0,14.0,5.0,3.0403,2.36468,2.36468,0.84453,1.52015,1.18234,1.18234,0.42226,04/17/2020,05/09/2020,05/23/2020,10/30/2020
Region5,2020-05-27,19.0,14.0,14.0,5.0,3.20921,2.36468,2.36468,0.84453,1.6046,1.18234,1.18234,0.42226,04/17/2020,05/09/2020,05/23/2020,10/30/2020
Region5,2020-05-28,19.0,14.0,14.0,5.0,3.20921,2.36468,2.36468,0.84453,1.6046,1.18234,1.18234,0.42226,04/17/2020,05/09/2020,05/23/2020,10/30/2020
Region5,2020-05-29,20.0,15.0,14.0,5.0,3.37811,2.53359,2.36468,0.84453,1.68906,1.26679,1.18234,0.42226,04/17/2020,05/09/2020,05/23/2020,10/30/2020
Region5,2020-05-30,21.0,15.0,14.0,5.0,3.54702,2.53359,2.36468,0.84453,1.77351,1.26679,1.18234,0.42226,04/17/2020,05/09/2020,05/23/2020,10/30/2020
Region5,2020-05-31,22.0,15.0,14.0,4.0,3.71593,2.53359,2.36468,0.67562,1.85796,1.26679,1.18234,0.33781,04/17/2020,05/09/2020,05/23/2020,10/30/2020
Region5,2020-06-01,23.0,15.0,14.0,4.0,3.88483,2.53359,2.36468,0.67562,1.94242,1.26679,1.18234,0.33781,04/17/2020,05/09/2020,05/23/2020,10/30/2020
Region5,2020-06-02,24.0,16.0,14.0,4.0,4.05374,2.70249,2.36468,0.67562,2.02687,1.35125,1.18234,0.33781,04/17/2020,05/09/2020,05/23/2020,10/30/2020
Region5,2020-06-03,25.0,16.0,14.0,4.0,4.22264,2.70249,2.36468,0.67562,2.11132,1.35125,1.18234,0.33781,04/17/2020,05/09/2020,05/23/2020,10/30/2020
Region5,2020-06-04,26.0,16.0,14.0,4.0,4.39155,2.70249,2.36468,0.67562,2.19577,1.35125,1.18234,0.33781,04/17/2020,05/09/2020,05/23/2020,10/30/2020
Region5,2020-06-05,27.0,17.0,14.0,4.0,4.56045,2.8714,2.36468,0.67562,2.28023,1.4357,1.18234,0.33781,04/17/2020,05/09/2020,05/23/2020,10/30/2020
Region5,2020-06-06,28.0,17.0,14.0,3.0,4.72936,2.8714,2.36468,0.50672,2.36468,1.4357,1.18234,0.25336,04/17/2020,05/09/2020,05/23/2020,10/30/2020
Region5,2020-06-07,30.0,17.0,14.0,3.0,5.06717,2.8714,2.36468,0.50672,2.53359,1.4357,1.18234,0.25336,04/17/2020,05/09/2020,05/23/2020,10/30/2020
Region5,2020-06-08,31.0,18.0,14.0,3.0,5.23608,3.0403,2.36468,0.50672,2.61804,1.52015,1.18234,0.25336,04/17/2020,05/09/2020,05/23/2020,10/30/2020
Region5,2020-06-09,33.0,18.0,14.0,3.0,5.57389,3.0403,2.36468,0.50672,2.78694,1.52015,1.18234,0.25336,04/17/2020,05/09/2020,05/23/2020,10/30/2020
Region5,2020-06-10,34.0,19.0,14.0,3.0,5.74279,3.20921,2.36468,0.50672,2.8714,1.6046,1.18234,0.25336,04/17/2020,05/09/2020,05/23/2020,10/30/2020
Region5,2020-06-11,36.0,19.0,14.0,2.0,6.0806,3.20921,2.36468,0.33781,3.0403,1.6046,1.18234,0.16891,04/17/2020,05/09/2020,05/23/2020,10/30/2020
Region5,2020-06-12,38.0,20.0,14.0,2.0,6.41842,3.37811,2.36468,0.33781,3.20921,1.68906,1.18234,0.16891,04/17/2020,05/09/2020,05/23/2020,10/30/2020
Region5,2020-06-13,40.0,21.0,14.0,2.0,6.75623,3.54702,2.36468,0.33781,3.37811,1.77351,1.18234,0.16891,04/17/2020,05/09/2020,05/23/2020,10/30/2020
Region5,2020-06-14,42.0,21.0,14.0,2.0,7.09404,3.54702,2.36468,0.33781,3.54702,1.77351,1.18234,0.16891,04/17/2020,05/09/2020,05/23/2020,10/30/2020
Region5,2020-06-15,44.0,22.0,14.0,2.0,7.43185,3.71593,2.36468,0.33781,3.71593,1.85796,1.18234,0.16891,04/17/2020,05/09/2020,05/23/2020,10/30/2020
Region5,2020-06-16,46.0,23.0,14.0,2.0,7.76966,3.88483,2.36468,0.33781,3.88483,1.94242,1.18234,0.16891,04/17/2020,05/09/2020,05/23/2020,10/30/2020
Region5,2020-06-17,48.0,24.0,14.0,2.0,8.10747,4.05374,2.36468,0.33781,4.05374,2.02687,1.18234,0.16891,04/17/2020,05/09/2020,05/23/2020,10/30/2020
Region5,2020-06-18,51.0,25.0,14.0,2.0,8.61419,4.22264,2.36468,0.33781,4.3071,2.11132,1.18234,0.16891,04/17/2020,05/09/2020,05/23/2020,10/30/2020
Region5,2020-06-19,53.0,26.0,14.0,1.0,8.952,4.39155,2.36468,0.16891,4.476,2.19577,1.18234,0.08445,04/17/2020,05/09/2020,05/23/2020,10/30/2020
Region5,2020-06-20,56.0,27.0,14.0,1.0,9.45872,4.56045,2.36468,0.16891,4.72936,2.28023,1.18234,0.08445,04/17/2020,05/09/2020,05/23/2020,10/30/2020
Region5,2020-06-21,59.0,28.0,14.0,1.0,9.96544,4.72936,2.36468,0.16891,4.98272,2.36468,1.18234,0.08445,04/17/2020,05/09/2020,05/23/2020,10/30/2020
Region5,2020-06-22,62.0,29.0,13.0,1.0,10.47215,4.89826,2.19577,0.16891,5.23608,2.44913,1.09789,0.08445,04/17/2020,05/09/2020,05/23/2020,10/30/2020
Region5,2020-06-23,65.0,30.0,13.0,1.0,10.97887,5.06717,2.19577,0.16891,5.48943,2.53359,1.09789,0.08445,04/17/2020,05/09/2020,05/23/2020,10/30/2020
Region5,2020-06-24,68.0,31.0,13.0,1.0,11.48559,5.23608,2.19577,0.16891,5.74279,2.61804,1.09789,0.08445,04/17/2020,05/09/2020,05/23/2020,10/30/2020
Region5,2020-06-25,71.0,33.0,13.0,1.0,11.9923,5.57389,2.19577,0.16891,5.99615,2.78694,1.09789,0.08445,04/17/2020,05/09/2020,05/23/2020,10/30/2020
Region5,2020-06-26,75.0,34.0,13.0,1.0,12.66793,5.74279,2.19577,0.16891,6.33396,2.8714,1.09789,0.08445,04/17/2020,05/09/2020,05/23/2020,10/30/2020
Region5,2020-06-27,78.0,36.0,13.0,1.0,13.17464,6.0806,2.19577,0.16891,6.58732,3.0403,1.09789,0.08445,04/17/2020,05/09/2020,05/23/2020,10/30/2020
Region5,2020-06-28,82.0,37.0,13.0,1.0,13.85027,6.24951,2.19577,0.16891,6.92513,3.12476,1.09789,0.08445,04/17/2020,05/09/2020,05/23/2020,10/30/2020
Region5,2020-06-29,85.0,39.0,13.0,1.0,14.35698,6.58732,2.19577,0.16891,7.17849,3.29366,1.09789,0.08445,04/17/2020,05/09/2020,05/23/2020,10/30/2020
Region5,2020-06-30,89.0,40.0,12.0,0.0,15.03261,6.75623,2.02687,0.0,7.5163,3.37811,1.01343,0.0,04/17/2020,05/09/2020,05/23/2020,10/30/2020
Region5,2020-07-01,93.0,42.0,12.0,0.0,15.70823,7.09404,2.02687,0.0,7.85411,3.54702,1.01343,0.0,04/17/2020,05/09/2020,05/23/2020,10/30/2020
Region5,2020-07-02,96.0,44.0,12.0,0.0,16.21495,7.43185,2.02687,0.0,8.10747,3.71593,1.01343,0.0,04/17/2020,05/09/2020,05/23/2020,10/30/2020
Region5,2020-07-03,100.0,46.0,12.0,0.0,16.89057,7.76966,2.02687,0.0,8.44528,3.88483,1.01343,0.0,04/17/2020,05/09/2020,05/23/2020,10/30/2020
Region5,2020-07-04,103.0,48.0,12.0,0.0,17.39729,8.10747,2.02687,0.0,8.69864,4.05374,1.01343,0.0,04/17/2020,05/09/2020,05/23/2020,10/30/2020
Region5,2020-07-05,106.0,50.0,12.0,0.0,17.904,8.44528,2.02687,0.0,8.952,4.22264,1.01343,0.0,04/17/2020,05/09/2020,05/23/2020,10/30/2020
Region5,2020-07-06,110.0,53.0,11.0,0.0,18.57963,8.952,1.85796,0.0,9.28981,4.476,0.92898,0.0,04/17/2020,05/09/2020,05/23/2020,10/30/2020
Region5,2020-07-07,113.0,55.0,11.0,0.0,19.08634,9.28981,1.85796,0.0,9.54317,4.64491,0.92898,0.0,04/17/2020,05/09/2020,05/23/2020,10/30/2020
Region5,2020-07-08,115.0,58.0,11.0,0.0,19.42415,9.79653,1.85796,0.0,9.71208,4.89826,0.92898,0.0,04/17/2020,05/09/2020,05/23/2020,10/30/2020
Region5,2020-07-09,118.0,60.0,11.0,0.0,19.93087,10.13434,1.85796,0.0,9.96544,5.06717,0.92898,0.0,04/17/2020,05/09/2020,05/23/2020,10/30/2020
Montana,2020-03-22,3.0,3.0,3.0,3.0,0.49022,0.49022,0.49022,0.49022,0.24511,0.24511,0.24511,0.24511,04/17/2020,05/09/2020,05/23/2020,10/30/2020
Montana,2020-03-23,4.0,4.0,4.0,4.0,0.65362,0.65362,0.65362,0.65362,0.32681,0.32681,0.32681,0.32681,04/17/2020,05/09/2020,05/23/2020,10/30/2020
Montana,2020-03-24,4.0,4.0,4.0,4.0,0.65362,0.65362,0.65362,0.65362,0.32681,0.32681,0.32681,0.32681,04/17/2020,05/09/2020,05/23/2020,10/30/2020
Montana,2020-03-25,6.0,6.0,6.0,6.0,0.98043,0.98043,0.98043,0.98043,0.49022,0.49022,0.49022,0.49022,04/17/2020,05/09/2020,05/23/2020,10/30/2020
Montana,2020-03-26,9.0,9.0,9.0,9.0,1.47065,1.47065,1.47065,1.47065,0.73532,0.73532,0.73532,0.73532,04/17/2020,05/09/2020,05/23/2020,10/30/2020
Montana,2020-03-27,11.0,11.0,11.0,11.0,1.79746,1.79746,1.79746,1.79746,0.89873,0.89873,0.89873,0.89873,04/17/2020,05/09/2020,05/23/2020,10/30/2020
Montana,2020-03-28,13.0,13.0,13.0,13.0,2.12427,2.12427,2.12427,2.12427,1.06214,1.06214,1.06214,1.06214,04/17/2020,05/09/2020,05/23/2020,10/30/2020
Montana,2020-03-29,15.0,15.0,15.0,15.0,2.45108,2.45108,2.45108,2.45108,1.22554,1.22554,1.22554,1.22554,04/17/2020,05/09/2020,05/23/2020,10/30/2020
Montana,2020-03-30,16.0,16.0,16.0,16.0,2.61449,2.61449,2.61449,2.61449,1.30724,1.30724,1.30724,1.30724,04/17/2020,05/09/2020,05/23/2020,10/30/2020
Montana,2020-03-31,17.0,17.0,17.0,17.0,2.77789,2.77789,2.77789,2.77789,1.38895,1.38895,1.38895,1.38895,04/17/2020,05/09/2020,05/23/2020,10/30/2020
Montana,2020-04-01,19.0,19.0,19.0,19.0,3.1047,3.1047,3.1047,3.1047,1.55235,1.55235,1.55235,1.55235,04/17/2020,05/09/2020,05/23/2020,10/30/2020
Montana,2020-04-02,21.0,21.0,21.0,21.0,3.43151,3.43151,3.43151,3.43151,1.71576,1.71576,1.71576,1.71576,04/17/2020,05/09/2020,05/23/2020,10/30/2020
Montana,2020-04-03,23.0,23.0,23.0,23.0,3.75832,3.75832,3.75832,3.75832,1.87916,1.87916,1.87916,1.87916,04/17/2020,05/09/2020,05/23/2020,10/30/2020
Montana,2020-04-04,24.0,24.0,24.0,24.0,3.92173,3.92173,3.92173,3.92173,1.96086,1.96086,1.96086,1.96086,04/17/2020,05/09/2020,05/23/2020,10/30/2020
Montana,2020-04-05,25.0,25.0,25.0,25.0,4.08514,4.08514,4.08514,4.08514,2.04257,2.04257,2.04257,2.04257,04/17/2020,05/09/2020,05/23/2020,10/30/2020
Montana,2020-04-06,27.0,27.0,27.0,27.0,4.41195,4.41195,4.41195,4.41195,2.20597,2.20597,2.20597,2.20597,04/17/2020,05/09/2020,05/23/2020,10/30/2020
Montana,2020-04-07,27.0,27.0,27.0,27.0,4.41195,4.41195,4.41195,4.41195,2.20597,2.20597,2.20597,2.20597,04/17/2020,05/09/2020,05/23/2020,10/30/2020
Montana,2020-04-08,28.0,28.0,28.0,28.0,4.57535,4.57535,4.57535,4.57535,2.28768,2.28768,2.28768,2.28768,04/17/2020,05/09/2020,05/23/2020,10/30/2020
Montana,2020-04-09,30.0,30.0,30.0,30.0,4.90216,4.90216,4.90216,4.90216,2.45108,2.45108,2.45108,2.45108,04/17/2020,05/09/2020,05/23/2020,10/30/2020
Montana,2020-04-10,31.0,31.0,31.0,31.0,5.06557,5.06557,5.06557,5.06557,2.53278,2.53278,2.53278,2.53278,04/17/2020,05/09/2020,05/23/2020,10/30/2020
Montana,2020-04-11,32.0,32.0,32.0,32.0,5.22897,5.22897,5.22897,5.22897,2.61449,2.61449,2.61449,2.61449,04/17/2020,05/09/2020,05/23/2020,10/30/2020
Montana,2020-04-12,32.0,32.0,32.0,32.0,5.22897,5.22897,5.22897,5.22897,2.61449,2.61449,2.61449,2.61449,04/17/2020,05/09/2020,05/23/2020,10/30/2020
Montana,2020-04-13,33.0,33.0,33.0,33.0,5.39238,5.39238,5.39238,5.39238,2.69619,2.69619,2.69619,2.69619,04/17/2020,05/09/2020,05/23/2020,10/30/2020
Montana,2020-04-14,33.0,33.0,33.0,33.0,5.39238,5.39238,5.39238,5.39238,2.69619,2.69619,2.69619,2.69619,04/17/2020,05/09/2020,05/23/2020,10/30/2020
Montana,2020-04-15,33.0,33.0,33.0,33.0,5.39238,5.39238,5.39238,5.39238,2.69619,2.69619,2.69619,2.69619,04/17/2020,05/09/2020,05/23/2020,10/30/2020
Montana,2020-04-16,34.0,34.0,34.0,34.0,5.55578,5.55578,5.55578,5.55578,2.77789,2.77789,2.77789,2.77789,04/17/2020,05/09/2020,05/23/2020,10/30/2020
Montana,2020-04-17,34.0,34.0,34.0,34.0,5.55578,5.55578,5.55578,5.55578,2.77789,2.77789,2.77789,2.77789,04/17/2020,05/09/2020,05/23/2020,10/30/2020
Montana,2020-04-18,35.0,35.0,35.0,35.0,5.71919,5.71919,5.71919,5.71919,2.85959,2.85959,2.85959,2.85959,04/17/2020,05/09/2020,05/23/2020,10/30/2020
Montana,2020-04-19,35.0,35.0,35.0,35.0,5.71919,5.71919,5.71919,5.71919,2.85959,2.85959,2.85959,2.85959,04/17/2020,05/09/2020,05/23/2020,10/30/2020
Montana,2020-04-20,36.0,36.0,36.0,36.0,5.88259,5.88259,5.88259,5.88259,2.9413,2.9413,2.9413,2.9413,04/17/2020,05/09/2020,05/23/2020,10/30/2020
Montana,2020-04-21,36.0,36.0,36.0,36.0,5.88259,5.88259,5.88259,5.88259,2.9413,2.9413,2.9413,2.9413,04/17/2020,05/09/2020,05/23/2020,10/30/2020
Montana,2020-04-22,37.0,37.0,37.0,36.0,6.046,6.046,6.046,5.88259,3.023,3.023,3.023,2.9413,04/17/2020,05/09/2020,05/23/2020,10/30/2020
Montana,2020-04-23,37.0,37.0,37.0,37.0,6.046,6.046,6.046,6.046,3.023,3.023,3.023,3.023,04/17/2020,05/09/2020,05/23/2020,10/30/2020
Montana,2020-04-24,38.0,38.0,38.0,37.0,6.20941,6.20941,6.20941,6.046,3.1047,3.1047,3.1047,3.023,04/17/2020,05/09/2020,05/23/2020,10/30/2020
Montana,2020-04-25,38.0,38.0,38.0,37.0,6.20941,6.20941,6.20941,6.046,3.1047,3.1047,3.1047,3.023,04/17/2020,05/09/2020,05/23/2020,10/30/2020
Montana,2020-04-26,39.0,39.0,39.0,37.0,6.37281,6.37281,6.37281,6.046,3.18641,3.18641,3.18641,3.023,04/17/2020,05/09/2020,05/23/2020,10/30/2020
Montana,2020-04-27,39.0,39.0,39.0,37.0,6.37281,6.37281,6.37281,6.046,3.18641,3.18641,3.18641,3.023,04/17/2020,05/09/2020,05/23/2020,10/30/2020
Montana,2020-04-28,40.0,40.0,40.0,37.0,6.53622,6.53622,6.53622,6.046,3.26811,3.26811,3.26811,3.023,04/17/2020,05/09/2020,05/23/2020,10/30/2020
Montana,2020-04-29,40.0,40.0,40.0,37.0,6.53622,6.53622,6.53622,6.046,3.26811,3.26811,3.26811,3.023,04/17/2020,05/09/2020,05/23/2020,10/30/2020
Montana,2020-04-30,40.0,40.0,40.0,36.0,6.53622,6.53622,6.53622,5.88259,3.26811,3.26811,3.26811,2.9413,04/17/2020,05/09/2020,05/23/2020,10/30/2020
Montana,2020-05-01,41.0,41.0,41.0,36.0,6.69962,6.69962,6.69962,5.88259,3.34981,3.34981,3.34981,2.9413,04/17/2020,05/09/2020,05/23/2020,10/30/2020
Montana,2020-05-02,41.0,41.0,41.0,36.0,6.69962,6.69962,6.69962,5.88259,3.34981,3.34981,3.34981,2.9413,04/17/2020,05/09/2020,05/23/2020,10/30/2020
Montana,2020-05-03,41.0,41.0,41.0,35.0,6.69962,6.69962,6.69962,5.71919,3.34981,3.34981,3.34981,2.85959,04/17/2020,05/09/2020,05/23/2020,10/30/2020
Montana,2020-05-04,42.0,42.0,42.0,35.0,6.86303,6.86303,6.86303,5.71919,3.43151,3.43151,3.43151,2.85959,04/17/2020,05/09/2020,05/23/2020,10/30/2020
Montana,2020-05-05,42.0,42.0,42.0,34.0,6.86303,6.86303,6.86303,5.55578,3.43151,3.43151,3.43151,2.77789,04/17/2020,05/09/2020,05/23/2020,10/30/2020
Montana,2020-05-06,42.0,42.0,42.0,34.0,6.86303,6.86303,6.86303,5.55578,3.43151,3.43151,3.43151,2.77789,04/17/2020,05/09/2020,05/23/2020,10/30/2020
Montana,2020-05-07,42.0,42.0,42.0,33.0,6.86303,6.86303,6.86303,5.39238,3.43151,3.43151,3.43151,2.69619,04/17/2020,05/09/2020,05/23/2020,10/30/2020
Montana,2020-05-08,43.0,43.0,43.0,33.0,7.02643,7.02643,7.02643,5.39238,3.51322,3.51322,3.51322,2.69619,04/17/2020,05/09/2020,05/23/2020,10/30/2020
Montana,2020-05-09,43.0,43.0,43.0,32.0,7.02643,7.02643,7.02643,5.22897,3.51322,3.51322,3.51322,2.61449,04/17/2020,05/09/2020,05/23/2020,10/30/2020
Montana,2020-05-10,43.0,43.0,43.0,31.0,7.02643,7.02643,7.02643,5.06557,3.51322,3.51322,3.51322,2.53278,04/17/2020,05/09/2020,05/23/2020,10/30/2020
Montana,2020-05-11,43.0,43.0,43.0,30.0,7.02643,7.02643,7.02643,4.90216,3.51322,3.51322,3.51322,2.45108,04/17/2020,05/09/2020,05/23/2020,10/30/2020
Montana,2020-05-12,44.0,44.0,44.0,30.0,7.18984,7.18984,7.18984,4.90216,3.59492,3.59492,3.59492,2.45108,04/17/2020,05/09/2020,05/23/2020,10/30/2020
Montana,2020-05-13,44.0,44.0,44.0,29.0,7.18984,7.18984,7.18984,4.73876,3.59492,3.59492,3.59492,2.36938,04/17/2020,05/09/2020,05/23/2020,10/30/2020
Montana,2020-05-14,45.0,44.0,44.0,28.0,7.35324,7.18984,7.18984,4.57535,3.67662,3.59492,3.59492,2.28768,04/17/2020,05/09/2020,05/23/2020,10/30/2020
Montana,2020-05-15,45.0,44.0,44.0,27.0,7.35324,7.18984,7.18984,4.41195,3.67662,3.59492,3.59492,2.20597,04/17/2020,05/09/2020,05/23/2020,10/30/2020
Montana,2020-05-16,46.0,44.0,44.0,26.0,7.51665,7.18984,7.18984,4.24854,3.75832,3.59492,3.59492,2.12427,04/17/2020,05/09/2020,05/23/2020,10/30/2020
Montana,2020-05-17,46.0,44.0,44.0,25.0,7.51665,7.18984,7.18984,4.08514,3.75832,3.59492,3.59492,2.04257,04/17/2020,05/09/2020,05/23/2020,10/30/2020
Montana,2020-05-18,47.0,44.0,44.0,24.0,7.68005,7.18984,7.18984,3.92173,3.84003,3.59492,3.59492,1.96086,04/17/2020,05/09/2020,05/23/2020,10/30/2020
Montana,2020-05-19,48.0,44.0,44.0,23.0,7.84346,7.18984,7.18984,3.75832,3.92173,3.59492,3.59492,1.87916,04/17/2020,05/09/2020,05/23/2020,10/30/2020
Montana,2020-05-20,49.0,44.0,44.0,22.0,8.00687,7.18984,7.18984,3.59492,4.00343,3.59492,3.59492,1.79746,04/17/2020,05/09/2020,05/23/2020,10/30/2020
Montana,2020-05-21,50.0,44.0,44.0,21.0,8.17027,7.18984,7.18984,3.43151,4.08514,3.59492,3.59492,1.71576,04/17/2020,05/09/2020,05/23/2020,10/30/2020
Montana,2020-05-22,51.0,44.0,44.0,21.0,8.33368,7.18984,7.18984,3.43151,4.16684,3.59492,3.59492,1.71576,04/17/2020,05/09/2020,05/23/2020,10/30/2020
Montana,2020-05-23,52.0,44.0,44.0,20.0,8.49708,7.18984,7.18984,3.26811,4.24854,3.59492,3.59492,1.63405,04/17/2020,05/09/2020,05/23/2020,10/30/2020
Montana,2020-05-24,53.0,44.0,44.0,19.0,8.66049,7.18984,7.18984,3.1047,4.33024,3.59492,3.59492,1.55235,04/17/2020,05/09/2020,05/23/2020,10/30/2020
Montana,2020-05-25,54.0,44.0,44.0,18.0,8.82389,7.18984,7.18984,2.9413,4.41195,3.59492,3.59492,1.47065,04/17/2020,05/09/2020,05/23/2020,10/30/2020
Montana,2020-05-26,56.0,44.0,44.0,17.0,9.1507,7.18984,7.18984,2.77789,4.57535,3.59492,3.59492,1.38895,04/17/2020,05/09/2020,05/23/2020,10/30/2020
Montana,2020-05-27,57.0,44.0,43.0,16.0,9.31411,7.18984,7.02643,2.61449,4.65705,3.59492,3.51322,1.30724,04/17/2020,05/09/2020,05/23/2020,10/30/2020
Montana,2020-05-28,59.0,44.0,43.0,15.0,9.64092,7.18984,7.02643,2.45108,4.82046,3.59492,3.51322,1.22554,04/17/2020,05/09/2020,05/23/2020,10/30/2020
Montana,2020-05-29,61.0,44.0,43.0,15.0,9.96773,7.18984,7.02643,2.45108,4.98387,3.59492,3.51322,1.22554,04/17/2020,05/09/2020,05/23/2020,10/30/2020
Montana,2020-05-30,63.0,44.0,43.0,14.0,10.29454,7.18984,7.02643,2.28768,5.14727,3.59492,3.51322,1.14384,04/17/2020,05/09/2020,05/23/2020,10/30/2020
Montana,2020-05-31,65.0,45.0,42.0,13.0,10.62135,7.35324,6.86303,2.12427,5.31068,3.67662,3.43151,1.06214,04/17/2020,05/09/2020,05/23/2020,10/30/2020
Montana,2020-06-01,67.0,45.0,42.0,12.0,10.94816,7.35324,6.86303,1.96086,5.47408,3.67662,3.43151,0.98043,04/17/2020,05/09/2020,05/23/2020,10/30/2020
Montana,2020-06-02,69.0,46.0,42.0,12.0,11.27497,7.51665,6.86303,1.96086,5.63749,3.75832,3.43151,0.98043,04/17/2020,05/09/2020,05/23/2020,10/30/2020
Montana,2020-06-03,72.0,46.0,42.0,11.0,11.76519,7.51665,6.86303,1.79746,5.88259,3.75832,3.43151,0.89873,04/17/2020,05/09/2020,05/23/2020,10/30/2020
Montana,2020-06-04,74.0,47.0,41.0,10.0,12.092,7.68005,6.69962,1.63405,6.046,3.84003,3.34981,0.81703,04/17/2020,05/09/2020,05/23/2020,10/30/2020
Montana,2020-06-05,77.0,47.0,41.0,10.0,12.58222,7.68005,6.69962,1.63405,6.29111,3.84003,3.34981,0.81703,04/17/2020,05/09/2020,05/23/2020,10/30/2020
Montana,2020-06-06,80.0,48.0,41.0,9.0,13.07243,7.84346,6.69962,1.47065,6.53622,3.92173,3.34981,0.73532,04/17/2020,05/09/2020,05/23/2020,10/30/2020
Montana,2020-06-07,83.0,49.0,40.0,8.0,13.56265,8.00687,6.53622,1.30724,6.78132,4.00343,3.26811,0.65362,04/17/2020,05/09/2020,05/23/2020,10/30/2020
Montana,2020-06-08,86.0,50.0,40.0,8.0,14.05287,8.17027,6.53622,1.30724,7.02643,4.08514,3.26811,0.65362,04/17/2020,05/09/2020,05/23/2020,10/30/2020
Montana,2020-06-09,90.0,51.0,40.0,7.0,14.70649,8.33368,6.53622,1.14384,7.35324,4.16684,3.26811,0.57192,04/17/2020,05/09/2020,05/23/2020,10/30/2020
Montana,2020-06-10,94.0,52.0,39.0,7.0,15.36011,8.49708,6.37281,1.14384,7.68005,4.24854,3.18641,0.57192,04/17/2020,05/09/2020,05/23/2020,10/30/2020
Montana,2020-06-11,98.0,53.0,39.0,6.0,16.01373,8.66049,6.37281,0.98043,8.00687,4.33024,3.18641,0.49022,04/17/2020,05/09/2020,05/23/2020,10/30/2020
Montana,2020-06-12,102.0,54.0,38.0,6.0,16.66735,8.82389,6.20941,0.98043,8.33368,4.41195,3.1047,0.49022,04/17/2020,05/09/2020,05/23/2020,10/30/2020
Montana,2020-06-13,106.0,56.0,38.0,5.0,17.32097,9.1507,6.20941,0.81703,8.66049,4.57535,3.1047,0.40851,04/17/2020,05/09/2020,05/23/2020,10/30/2020
Montana,2020-06-14,111.0,57.0,37.0,5.0,18.138,9.31411,6.046,0.81703,9.069,4.65705,3.023,0.40851,04/17/2020,05/09/2020,05/23/2020,10/30/2020
Montana,2020-06-15,116.0,59.0,37.0,5.0,18.95503,9.64092,6.046,0.81703,9.47751,4.82046,3.023,0.40851,04/17/2020,05/09/2020,05/23/2020,10/30/2020
Montana,2020-06-16,121.0,60.0,37.0,4.0,19.77205,9.80432,6.046,0.65362,9.88603,4.90216,3.023,0.32681,04/17/2020,05/09/2020,05/23/2020,10/30/2020
Montana,2020-06-17,127.0,62.0,36.0,4.0,20.75249,10.13114,5.88259,0.65362,10.37624,5.06557,2.9413,0.32681,04/17/2020,05/09/2020,05/23/2020,10/30/2020
Montana,2020-06-18,133.0,64.0,35.0,4.0,21.73292,10.45795,5.71919,0.65362,10.86646,5.22897,2.85959,0.32681,04/17/2020,05/09/2020,05/23/2020,10/30/2020
Montana,2020-06-19,139.0,66.0,35.0,3.0,22.71335,10.78476,5.71919,0.49022,11.35668,5.39238,2.85959,0.24511,04/17/2020,05/09/2020,05/23/2020,10/30/2020
Montana,2020-06-20,145.0,68.0,34.0,3.0,23.69378,11.11157,5.55578,0.49022,11.84689,5.55578,2.77789,0.24511,04/17/2020,05/09/2020,05/23/2020,10/30/2020
Montana,2020-06-21,152.0,70.0,34.0,3.0,24.83762,11.43838,5.55578,0.49022,12.41881,5.71919,2.77789,0.24511,04/17/2020,05/09/2020,05/23/2020,10/30/2020
Montana,2020-06-22,159.0,73.0,33.0,3.0,25.98146,11.9286,5.39238,0.49022,12.99073,5.9643,2.69619,0.24511,04/17/2020,05/09/2020,05/23/2020,10/30/2020
Montana,2020-06-23,166.0,75.0,33.0,2.0,27.1253,12.25541,5.39238,0.32681,13.56265,6.1277,2.69619,0.16341,04/17/2020,05/09/2020,05/23/2020,10/30/2020
Montana,2020-06-24,174.0,78.0,32.0,2.0,28.43254,12.74562,5.22897,0.32681,14.21627,6.37281,2.61449,0.16341,04/17/2020,05/09/2020,05/23/2020,10/30/2020
Montana,2020-06-25,182.0,81.0,32.0,2.0,29.73979,13.23584,5.22897,0.32681,14.86989,6.61792,2.61449,0.16341,04/17/2020,05/09/2020,05/23/2020,10/30/2020
Montana,2020-06-26,190.0,84.0,31.0,2.0,31.04703,13.72605,5.06557,0.32681,15.52351,6.86303,2.53278,0.16341,04/17/2020,05/09/2020,05/23/2020,10/30/2020
Montana,2020-06-27,199.0,87.0,31.0,2.0,32.51768,14.21627,5.06557,0.32681,16.25884,7.10814,2.53278,0.16341,04/17/2020,05/09/2020,05/23/2020,10/30/2020
Montana,2020-06-28,207.0,91.0,30.0,1.0,33.82492,14.86989,4.90216,0.16341,16.91246,7.43495,2.45108,0.0817,04/17/2020,05/09/2020,05/23/2020,10/30/2020
Montana,2020-06-29,216.0,94.0,30.0,1.0,35.29557,15.36011,4.90216,0.16341,17.64778,7.68005,2.45108,0.0817,04/17/2020,05/09/2020,05/23/2020,10/30/2020
Montana,2020-06-30,225.0,98.0,29.0,1.0,36.76622,16.01373,4.73876,0.16341,18.38311,8.00687,2.36938,0.0817,04/17/2020,05/09/2020,05/23/2020,10/30/2020
Montana,2020-07-01,234.0,102.0,29.0,1.0,38.23687,16.66735,4.73876,0.16341,19.11843,8.33368,2.36938,0.0817,04/17/2020,05/09/2020,05/23/2020,10/30/2020
Montana,2020-07-02,244.0,107.0,28.0,1.0,39.87092,17.48438,4.57535,0.16341,19.93546,8.74219,2.28768,0.0817,04/17/2020,05/09/2020,05/23/2020,10/30/2020
Montana,2020-07-03,253.0,111.0,28.0,1.0,41.34157,18.138,4.57535,0.16341,20.67078,9.069,2.28768,0.0817,04/17/2020,05/09/2020,05/23/2020,10/30/2020
Montana,2020-07-04,262.0,116.0,27.0,1.0,42.81222,18.95503,4.41195,0.16341,21.40611,9.47751,2.20597,0.0817,04/17/2020,05/09/2020,05/23/2020,10/30/2020
Montana,2020-07-05,272.0,121.0,27.0,1.0,44.44627,19.77205,4.41195,0.16341,22.22314,9.88603,2.20597,0.0817,04/17/2020,05/09/2020,05/23/2020,10/30/2020
Montana,2020-07-06,281.0,127.0,26.0,1.0,45.91692,20.75249,4.24854,0.16341,22.95846,10.37624,2.12427,0.0817,04/17/2020,05/09/2020,05/23/2020,10/30/2020
Montana,2020-07-07,290.0,132.0,26.0,1.0,47.38757,21.56951,4.24854,0.16341,23.69378,10.78476,2.12427,0.0817,04/17/2020,05/09/2020,05/23/2020,10/30/2020
Montana,2020-07-08,298.0,138.0,25.0,1.0,48.69481,22.54995,4.08514,0.16341,24.34741,11.27497,2.04257,0.0817,04/17/2020,05/09/2020,05/23/2020,10/30/2020
Montana,2020-07-09,307.0,144.0,25.0,0.0,50.16546,23.53038,4.08514,0.0,25.08273,11.76519,2.04257,0.0,04/17/2020,05/09/2020,05/23/2020,10/30/2020
